<rss xmlns:content="http://purl.org/rss/1.0/modules/content/" xmlns:wfw="http://wellformedweb.org/CommentAPI/" xmlns:atom="http://www.w3.org/2005/Atom" version="2.0">
<channel>
<title>
<![CDATA[ Bola.net ]]>
</title>
<link>https://www.bola.net/</link>
<description>
<![CDATA[ Bola.net RSS 2.0 ]]>
</description>
<image>
<title>
<![CDATA[ Bola.net ]]>
</title>
<link>https://www.bola.net/</link>
<url>https://cdns.klimg.com/bola.net/library/logo.jpg</url>
</image>
<language>id</language>
<pubDate>Sun, 10 Dec 2017 17:42:20 +0700</pubDate>
<item>
<title>
<![CDATA[
Kelewat Pede, Fans Chelsea Janji Potong Alat Vitalnya
]]>
</title>
<link>
https://www.bola.net/bolatainment/kelewat-pede-fans-chelsea-janji-potong-alat-vitalnya-e775c1.html
</link>
<pubDate>Sun, 10 Dec 2017 17:03:00 +0700</pubDate>
<category>bolatainment</category>
<author>editor@bola.net (Editor)</author>
<guid isPermaLink="true">
https://www.bola.net/bolatainment/kelewat-pede-fans-chelsea-janji-potong-alat-vitalnya-e775c1.html
</guid>
<description>
<![CDATA[
<img src="https://cdns.klimg.com/bola.net/library/upload/21/2017/12/175/west-ham-vs-chelsea_d405b56.jpg" align="left" hspace="5" width="100"/>Seorang fans Chelsea berikrar akan memotong alat vitalnya kalau sampai Chelsea kehilangan poin dalam laga melawan West Ham.
]]>
</description>
<enclosure url="https://cdns.klimg.com/bola.net/library/upload/21/2017/12/west-ham-vs-chelsea_d405b56.jpg" length="79378" type="image/jpeg"/>
</item>
<item>
<title>
<![CDATA[ Persib Masih Bimbang Pilih Turnamen Pramusim ]]>
</title>
<link>
https://www.bola.net/indonesia/persib-masih-bimbang-pilih-turnamen-pramusim-6c9b0e.html
</link>
<pubDate>Sun, 10 Dec 2017 16:37:00 +0700</pubDate>
<category>indonesia</category>
<author>editor@bola.net (Editor)</author>
<guid isPermaLink="true">
https://www.bola.net/indonesia/persib-masih-bimbang-pilih-turnamen-pramusim-6c9b0e.html
</guid>
<description>
<![CDATA[
<img src="https://cdns.klimg.com/bola.net/library/upload/21/2017/12/175/hl-solergomez4_f778bae.jpg" align="left" hspace="5" width="100"/>Persib Bandung tengah dalam kondisi galau. Pasalnya, tim berjuluk Maung Bandung itu masih bingung menentukan turnamen pra musim mana yang akan diikuti.
]]>
</description>
<enclosure url="https://cdns.klimg.com/bola.net/library/upload/21/2017/12/hl-solergomez4_f778bae.jpg" length="81924" type="image/jpeg"/>
</item>
<item>
<title>
<![CDATA[ Shohei Matsunaga Boleh Tinggalkan Persib ]]>
</title>
<link>
https://www.bola.net/indonesia/shohei-matsunaga-boleh-tinggalkan-persib-54408e.html
</link>
<pubDate>Sun, 10 Dec 2017 16:29:00 +0700</pubDate>
<category>indonesia</category>
<author>editor@bola.net (Editor)</author>
<guid isPermaLink="true">
https://www.bola.net/indonesia/shohei-matsunaga-boleh-tinggalkan-persib-54408e.html
</guid>
<description>
<![CDATA[
<img src="https://cdns.klimg.com/bola.net/library/upload/21/2017/12/175/hl-gomezcahyono_53b50a5.jpg" align="left" hspace="5" width="100"/>Direktur PT Persib Bandung Bermartabat (PT PBB), Teddy Cahyono tak akan menghalangi Shohei Matsunaga yang ingin angkat kaki dari tim Maung Bandung.
]]>
</description>
<enclosure url="https://cdns.klimg.com/bola.net/library/upload/21/2017/12/hl-gomezcahyono_53b50a5.jpg" length="73125" type="image/jpeg"/>
</item>
<item>
<title>
<![CDATA[
1 Babak 5 Gol, Masih Bukan yang Terbaik bagi Zidane
]]>
</title>
<link>
https://www.bola.net/spanyol/1-babak-5-gol-masih-bukan-yang-terbaik-bagi-zidane-bb08e7.html
</link>
<pubDate>Sun, 10 Dec 2017 16:25:00 +0700</pubDate>
<category>spanyol</category>
<author>editor@bola.net (Editor)</author>
<guid isPermaLink="true">
https://www.bola.net/spanyol/1-babak-5-gol-masih-bukan-yang-terbaik-bagi-zidane-bb08e7.html
</guid>
<description>
<![CDATA[
<img src="https://cdns.klimg.com/bola.net/library/upload/21/2017/10/175/1_392b6fa.jpg" align="left" hspace="5" width="100"/>Real Madrid berhasil menunjukkan tanda-tanda kebangkitan dari kinerja buruk mereka di La Liga.
]]>
</description>
<enclosure url="https://cdns.klimg.com/bola.net/library/upload/21/2017/10/1_392b6fa.jpg" length="45685" type="image/jpeg"/>
</item>
<item>
<title>
<![CDATA[ Persebaya Tak Enak Hati Lepas Sebagian Pemainnya ]]>
</title>
<link>
https://www.bola.net/indonesia/persebaya-tak-enak-hati-lepas-sebagian-pemainnya-9a5e6e.html
</link>
<pubDate>Sun, 10 Dec 2017 15:47:00 +0700</pubDate>
<category>indonesia</category>
<author>editor@bola.net (Editor)</author>
<guid isPermaLink="true">
https://www.bola.net/indonesia/persebaya-tak-enak-hati-lepas-sebagian-pemainnya-9a5e6e.html
</guid>
<description>
<![CDATA[
<img src="https://cdns.klimg.com/bola.net/library/upload/21/2017/08/175/angel-alfredo-vera_09375d6.jpg" align="left" hspace="5" width="100"/>Pelatih Persebaya Surabaya, Angel Alfredo Vera mengaku sudah mengantongi daftar pemain yang akan dilepas maupun dipertahankan.
]]>
</description>
<enclosure url="https://cdns.klimg.com/bola.net/library/upload/21/2017/08/angel-alfredo-vera_09375d6.jpg" length="54627" type="image/jpeg"/>
</item>
<item>
<title>
<![CDATA[ Mario Gomes Datang, Posisi Herrie Cs Masih Aman ]]>
</title>
<link>
https://www.bola.net/indonesia/mario-gomes-datang-posisi-herrie-cs-masih-aman-b255ca.html
</link>
<pubDate>Sun, 10 Dec 2017 15:17:00 +0700</pubDate>
<category>indonesia</category>
<author>editor@bola.net (Editor)</author>
<guid isPermaLink="true">
https://www.bola.net/indonesia/mario-gomes-datang-posisi-herrie-cs-masih-aman-b255ca.html
</guid>
<description>
<![CDATA[
<img src="https://cdns.klimg.com/bola.net/library/upload/21/2017/12/175/hl-gomezcahyono_53b50a5.jpg" align="left" hspace="5" width="100"/>Roberto Carlos Mario Gomez sudah resmi diperkenalkan sebagai pelatih Persib Bandung untuk musim depan.
]]>
</description>
<enclosure url="https://cdns.klimg.com/bola.net/library/upload/21/2017/12/hl-gomezcahyono_53b50a5.jpg" length="73125" type="image/jpeg"/>
</item>
<item>
<title>
<![CDATA[
PSS Sleman Jadikan Celebration Game Sebagai Ajang Seleksi
]]>
</title>
<link>
https://www.bola.net/indonesia/pss-sleman-jadikan-celebration-game-sebagai-ajang-seleksi-8a42be.html
</link>
<pubDate>Sun, 10 Dec 2017 15:13:00 +0700</pubDate>
<category>indonesia</category>
<author>editor@bola.net (Editor)</author>
<guid isPermaLink="true">
https://www.bola.net/indonesia/pss-sleman-jadikan-celebration-game-sebagai-ajang-seleksi-8a42be.html
</guid>
<description>
<![CDATA[
<img src="https://cdns.klimg.com/bola.net/library/upload/21/2017/12/175/persebaya-vs-pss-sle_ba6b0b1.jpg" align="left" hspace="5" width="100"/>PSS Sleman rupanya punya misi lain saat memenuhi undangan Persebaya Surabaya untuk memeriahkan Celebration Game.
]]>
</description>
<enclosure url="https://cdns.klimg.com/bola.net/library/upload/21/2017/12/persebaya-vs-pss-sle_ba6b0b1.jpg" length="79074" type="image/jpeg"/>
</item>
<item>
<title>
<![CDATA[ Persib Klaim Kasus Mario Gomes Sudah Clear ]]>
</title>
<link>
https://www.bola.net/indonesia/persib-klaim-kasus-mario-gomes-sudah-clear-25b15a.html
</link>
<pubDate>Sun, 10 Dec 2017 15:07:00 +0700</pubDate>
<category>indonesia</category>
<author>editor@bola.net (Editor)</author>
<guid isPermaLink="true">
https://www.bola.net/indonesia/persib-klaim-kasus-mario-gomes-sudah-clear-25b15a.html
</guid>
<description>
<![CDATA[
<img src="https://cdns.klimg.com/bola.net/library/upload/21/2017/12/175/hl-teddy_f464bed.jpg" align="left" hspace="5" width="100"/>Kasus tunggakan gaji yang menimpa pelatih anyar Persib Bandung, Roberto Carlos Mario Gomez dengan klub lamanya dianggap sudah beres.
]]>
</description>
<enclosure url="https://cdns.klimg.com/bola.net/library/upload/21/2017/12/hl-teddy_f464bed.jpg" length="70002" type="image/jpeg"/>
</item>
<item>
<title>
<![CDATA[ Marcelo: Kita Beruntung Hidup di Era Ronaldo-Messi ]]>
</title>
<link>
https://www.bola.net/spanyol/marcelo-kita-beruntung-hidup-di-era-ronaldo-messi-522668.html
</link>
<pubDate>Sun, 10 Dec 2017 15:03:00 +0700</pubDate>
<category>spanyol</category>
<author>editor@bola.net (Editor)</author>
<guid isPermaLink="true">
https://www.bola.net/spanyol/marcelo-kita-beruntung-hidup-di-era-ronaldo-messi-522668.html
</guid>
<description>
<![CDATA[
<img src="https://cdns.klimg.com/bola.net/library/upload/21/2017/10/175/ronaldo-messi_5b8ab00.jpg" align="left" hspace="5" width="100"/>Persaingan antara Cristiano Ronaldo dengan Lionel Messi seperti tak pernah ada akhirnya.
]]>
</description>
<enclosure url="https://cdns.klimg.com/bola.net/library/upload/21/2017/10/ronaldo-messi_5b8ab00.jpg" length="67863" type="image/jpeg"/>
</item>
<item>
<title>
<![CDATA[ Pengakuan Jujur Essien Soal Sepakbola Tanah Air ]]>
</title>
<link>
https://www.bola.net/indonesia/pengakuan-jujur-essien-soal-sepakbola-tanah-air-607976.html
</link>
<pubDate>Sun, 10 Dec 2017 13:36:00 +0700</pubDate>
<category>indonesia</category>
<author>editor@bola.net (Editor)</author>
<guid isPermaLink="true">
https://www.bola.net/indonesia/pengakuan-jujur-essien-soal-sepakbola-tanah-air-607976.html
</guid>
<description>
<![CDATA[
<img src="https://cdns.klimg.com/bola.net/library/upload/21/2017/06/175/michael-essien-01-fi_30aca24.jpg" align="left" hspace="5" width="100"/>Michael Essien memberikan pandangannya mengenai kualitas sepakbola Indonesia saat ini.
]]>
</description>
<enclosure url="https://cdns.klimg.com/bola.net/library/upload/21/2017/06/michael-essien-01-fi_30aca24.jpg" length="66551" type="image/jpeg"/>
</item>
<item>
<title>
<![CDATA[ Aji Santoso Rekomendasikan Empat Pemain Muda ]]>
</title>
<link>
https://www.bola.net/indonesia/aji-santoso-rekomendasikan-empat-pemain-muda-5e3d3e.html
</link>
<pubDate>Sun, 10 Dec 2017 13:16:00 +0700</pubDate>
<category>indonesia</category>
<author>editor@bola.net (Editor)</author>
<guid isPermaLink="true">
https://www.bola.net/indonesia/aji-santoso-rekomendasikan-empat-pemain-muda-5e3d3e.html
</guid>
<description>
<![CDATA[
<img src="https://cdns.klimg.com/bola.net/library/upload/21/2017/06/175/aji-santoso-1_7401e5f.jpg" align="left" hspace="5" width="100"/>Pelatih Persela Lamongan, Aji Santoso sudah punya gambaran siapa saja pemain muda yang dinilai layak memperkuat Laskar Joko Tingkir.
]]>
</description>
<enclosure url="https://cdns.klimg.com/bola.net/library/upload/21/2017/06/aji-santoso-1_7401e5f.jpg" length="36759" type="image/jpeg"/>
</item>
<item>
<title>
<![CDATA[ Data dan Fakta La Liga: Villarreal vs Barcelona ]]>
</title>
<link>
https://www.bola.net/spanyol/data-dan-fakta-la-liga-villarreal-vs-barcelona-accaa5.html
</link>
<pubDate>Sun, 10 Dec 2017 12:10:00 +0700</pubDate>
<category>spanyol</category>
<author>editor@bola.net (Editor)</author>
<guid isPermaLink="true">
https://www.bola.net/spanyol/data-dan-fakta-la-liga-villarreal-vs-barcelona-accaa5.html
</guid>
<description>
<![CDATA[
<img src="https://cdns.klimg.com/bola.net/library/upload/21/2017/12/175/hl-dafak_57df21d.jpg" align="left" hspace="5" width="100"/>Berikut adalah data dan fakta pertandingan antara Villarreal melawan Barcelona.
]]>
</description>
<enclosure url="https://cdns.klimg.com/bola.net/library/upload/21/2017/12/hl-dafak_57df21d.jpg" length="91621" type="image/jpeg"/>
</item>
<item>
<title>
<![CDATA[ Prediksi Villarreal vs Barcelona 11 Desember 2017 ]]>
</title>
<link>
https://www.bola.net/spanyol/prediksi-villarreal-vs-barcelona-11-desember-2017-1a1d5a.html
</link>
<pubDate>Sun, 10 Dec 2017 11:52:00 +0700</pubDate>
<category>spanyol</category>
<author>editor@bola.net (Editor)</author>
<guid isPermaLink="true">
https://www.bola.net/spanyol/prediksi-villarreal-vs-barcelona-11-desember-2017-1a1d5a.html
</guid>
<description>
<![CDATA[
<img src="https://cdns.klimg.com/bola.net/library/upload/21/2017/12/175/hl-vilbar_8b04be5.jpg" align="left" hspace="5" width="100"/>Prediksi Skor Villarreal vs Barcelona, Prediksi Bola 11 Desember 2017, Hasil Skor AKhir Villarreal vs Barcelona, La Liga.
]]>
</description>
<enclosure url="https://cdns.klimg.com/bola.net/library/upload/21/2017/12/hl-vilbar_8b04be5.jpg" length="89921" type="image/jpeg"/>
</item>
<item>
<title>
<![CDATA[
Video: Ronaldo Minta Bikin Anak Lagi, Pacarnya Cuma Senyum
]]>
</title>
<link>
https://www.bola.net/open-play/video-ronaldo-minta-bikin-anak-lagi-pacarnya-cuma-senyum-bc3175.html
</link>
<pubDate>Sun, 10 Dec 2017 11:42:00 +0700</pubDate>
<category>open-play</category>
<author>editor@bola.net (Editor)</author>
<guid isPermaLink="true">
https://www.bola.net/open-play/video-ronaldo-minta-bikin-anak-lagi-pacarnya-cuma-senyum-bc3175.html
</guid>
<description>
<![CDATA[
<img src="https://cdns.klimg.com/bola.net/library/upload/21/2017/12/175/hl-ronaldo4_21d68c2.jpg" align="left" hspace="5" width="100"/>Pergelaran malam gala Ballon d'Or 2017 berlangsung dengan suasana yang santai.
]]>
</description>
<enclosure url="https://cdns.klimg.com/bola.net/library/upload/21/2017/12/hl-ronaldo4_21d68c2.jpg" length="65264" type="image/jpeg"/>
</item>
<item>
<title>
<![CDATA[
Ini Alasan Allegri Cadangkan Banyak Bintang Juve Lawan Inter
]]>
</title>
<link>
https://www.bola.net/italia/ini-alasan-allegri-cadangkan-banyak-bintang-juve-lawan-inter-0bb745.html
</link>
<pubDate>Sun, 10 Dec 2017 10:54:00 +0700</pubDate>
<category>italia</category>
<author>editor@bola.net (Editor)</author>
<guid isPermaLink="true">
https://www.bola.net/italia/ini-alasan-allegri-cadangkan-banyak-bintang-juve-lawan-inter-0bb745.html
</guid>
<description>
<![CDATA[
<img src="https://cdns.klimg.com/bola.net/library/upload/21/2017/12/175/massimiliano-allegri_4b6da65.jpg" align="left" hspace="5" width="100"/>Massimiliano Allegri memberikan penjelasan mengapa ia mengistirahatkan banyak pemain bintangnya dalam pertandingan Derby d'Italia.
]]>
</description>
<enclosure url="https://cdns.klimg.com/bola.net/library/upload/21/2017/12/massimiliano-allegri_4b6da65.jpg" length="48670" type="image/jpeg"/>
</item>
<item>
<title>
<![CDATA[ Highlights Serie A: Juventus 0-0 Inter Milan ]]>
</title>
<link>
https://www.bola.net/open-play/highlights-serie-a-juventus-0-0-inter-milan-7dba70.html
</link>
<pubDate>Sun, 10 Dec 2017 09:04:00 +0700</pubDate>
<category>open-play</category>
<author>editor@bola.net (Editor)</author>
<guid isPermaLink="true">
https://www.bola.net/open-play/highlights-serie-a-juventus-0-0-inter-milan-7dba70.html
</guid>
<description>
<![CDATA[
<img src="https://cdns.klimg.com/bola.net/library/upload/21/2017/12/175/juventus-vs-inter-mi_341f21b.jpg" align="left" hspace="5" width="100"/>Berikut adalah video highlights pertandingan antara Juventus melawan Inter Milan.
]]>
</description>
<enclosure url="https://cdns.klimg.com/bola.net/library/upload/21/2017/12/juventus-vs-inter-mi_341f21b.jpg" length="81169" type="image/jpeg"/>
</item>
<item>
<title>
<![CDATA[
Neville: Lukaku Harus Buktikan Diri Di Derby Manchester
]]>
</title>
<link>
https://www.bola.net/inggris/neville-lukaku-harus-buktikan-diri-di-derby-manchester-5940e1.html
</link>
<pubDate>Sun, 10 Dec 2017 07:10:00 +0700</pubDate>
<category>inggris</category>
<author>editor@bola.net (Editor)</author>
<guid isPermaLink="true">
https://www.bola.net/inggris/neville-lukaku-harus-buktikan-diri-di-derby-manchester-5940e1.html
</guid>
<description>
<![CDATA[
<img src="https://cdns.klimg.com/bola.net/library/upload/21/2017/07/175/lukaku_2b512ec.jpg" align="left" hspace="5" width="100"/>Neville meminta sang striker untuk menunjukan kepantasannya sebagai striker utama Setan Merah di partai Derby Manchester nanti malam.
]]>
</description>
<enclosure url="https://cdns.klimg.com/bola.net/library/upload/21/2017/07/lukaku_2b512ec.jpg" length="59323" type="image/jpeg"/>
</item>
<item>
<title>
<![CDATA[
Mourinho Berurai Air Mata Setelah Terima Tawaran Madrid
]]>
</title>
<link>
https://www.bola.net/inggris/mourinho-berurai-air-mata-setelah-terima-tawaran-madrid-0f3ead.html
</link>
<pubDate>Sun, 10 Dec 2017 07:00:00 +0700</pubDate>
<category>inggris</category>
<author>editor@bola.net (Editor)</author>
<guid isPermaLink="true">
https://www.bola.net/inggris/mourinho-berurai-air-mata-setelah-terima-tawaran-madrid-0f3ead.html
</guid>
<description>
<![CDATA[
<img src="https://cdns.klimg.com/bola.net/library/upload/21/2017/06/175/jose-mourinho-afp_c2b8c29.jpg" align="left" hspace="5" width="100"/>Mantan presiden Inter Milan, Massimo Moratti, secara sensasional mengungkap bahwa Jose Mourinho langsung menyesali keputusannya bergabung dengan Real Madrid sejak hari pertama menjejakkan kaki di Spanyol.
]]>
</description>
<enclosure url="https://cdns.klimg.com/bola.net/library/upload/21/2017/06/jose-mourinho-afp_c2b8c29.jpg" length="128848" type="image/jpeg"/>
</item>
<item>
<title>
<![CDATA[ Neville: MU Haram Terpeleset di Derby ]]>
</title>
<link>
https://www.bola.net/inggris/neville-mu-haram-terpeleset-di-derby-a865b8.html
</link>
<pubDate>Sun, 10 Dec 2017 06:50:00 +0700</pubDate>
<category>inggris</category>
<author>editor@bola.net (Editor)</author>
<guid isPermaLink="true">
https://www.bola.net/inggris/neville-mu-haram-terpeleset-di-derby-a865b8.html
</guid>
<description>
<![CDATA[
<img src="https://cdns.klimg.com/bola.net/library/upload/21/2017/12/175/manchester-united_f1ebb04.jpg" align="left" hspace="5" width="100"/>Neville menilai Setan Merah harus segera memangkas defisit dengan Manchester City, sehingga mereka harus menang pada laga ini.
]]>
</description>
<enclosure url="https://cdns.klimg.com/bola.net/library/upload/21/2017/12/manchester-united_f1ebb04.jpg" length="95203" type="image/jpeg"/>
</item>
<item>
<title>
<![CDATA[
Ibrahimovic Tak Menyesal Belum Cicipi Juara Liga Champions
]]>
</title>
<link>
https://www.bola.net/inggris/ibrahimovic-tak-menyesal-belum-cicipi-juara-liga-champions-e7fe5f.html
</link>
<pubDate>Sun, 10 Dec 2017 06:40:00 +0700</pubDate>
<category>inggris</category>
<author>editor@bola.net (Editor)</author>
<guid isPermaLink="true">
https://www.bola.net/inggris/ibrahimovic-tak-menyesal-belum-cicipi-juara-liga-champions-e7fe5f.html
</guid>
<description>
<![CDATA[
<img src="https://cdns.klimg.com/bola.net/library/upload/21/2017/11/175/zlatan-ibrahimovic_41a1dde.jpg" align="left" hspace="5" width="100"/>Striker Manchester United, Zlatan Ibrahimovic, berkeras ia sama sekali tidak menyesal meski sudah gagal dalam upaya memenangkan Liga Champions sepanjang karirnya.
]]>
</description>
<enclosure url="https://cdns.klimg.com/bola.net/library/upload/21/2017/11/zlatan-ibrahimovic_41a1dde.jpg" length="42216" type="image/jpeg"/>
</item>
<item>
<title>
<![CDATA[ Hadapi Derby, Mourinho Disarankan Parkir Lukaku ]]>
</title>
<link>
https://www.bola.net/inggris/hadapi-derby-mourinho-disarankan-parkir-lukaku-256152.html
</link>
<pubDate>Sun, 10 Dec 2017 06:30:00 +0700</pubDate>
<category>inggris</category>
<author>editor@bola.net (Editor)</author>
<guid isPermaLink="true">
https://www.bola.net/inggris/hadapi-derby-mourinho-disarankan-parkir-lukaku-256152.html
</guid>
<description>
<![CDATA[
<img src="https://cdns.klimg.com/bola.net/library/upload/21/2017/11/175/romelu-lukaku-7_a81bbc7.jpg" align="left" hspace="5" width="100"/>Merson menyebut untuk laga ini, Zlatan Ibrahimovic memiliki karakteristik yang dibutuhkan untuk memenangkan laga ketimbang Lukaku.
]]>
</description>
<enclosure url="https://cdns.klimg.com/bola.net/library/upload/21/2017/11/romelu-lukaku-7_a81bbc7.jpg" length="67024" type="image/jpeg"/>
</item>
<item>
<title>
<![CDATA[
Demi Kalahkan MU, Guardiola Sebut City Pantang Setengah Hati
]]>
</title>
<link>
https://www.bola.net/inggris/demi-kalahkan-mu-guardiola-sebut-city-pantang-setengah-hati-36e15a.html
</link>
<pubDate>Sun, 10 Dec 2017 06:20:00 +0700</pubDate>
<category>inggris</category>
<author>editor@bola.net (Editor)</author>
<guid isPermaLink="true">
https://www.bola.net/inggris/demi-kalahkan-mu-guardiola-sebut-city-pantang-setengah-hati-36e15a.html
</guid>
<description>
<![CDATA[
<img src="https://cdns.klimg.com/bola.net/library/upload/21/2017/10/175/josep-guardiola_518db1b.jpg" align="left" hspace="5" width="100"/>Manajer Manchester City, Josep Guardiola, mengatakan bahwa para pemainnya wajib memberikan 100 persen jika mereka ingin punya peluang menjungkalkan Manchester United malam nanti.
]]>
</description>
<enclosure url="https://cdns.klimg.com/bola.net/library/upload/21/2017/10/josep-guardiola_518db1b.jpg" length="67562" type="image/jpeg"/>
</item>
<item>
<title>
<![CDATA[ Tak Jelas di Arsenal, Wilshere Disarankan Hengkang ]]>
</title>
<link>
https://www.bola.net/inggris/tak-jelas-di-arsenal-wilshere-disarankan-hengkang-02edff.html
</link>
<pubDate>Sun, 10 Dec 2017 06:10:00 +0700</pubDate>
<category>inggris</category>
<author>editor@bola.net (Editor)</author>
<guid isPermaLink="true">
https://www.bola.net/inggris/tak-jelas-di-arsenal-wilshere-disarankan-hengkang-02edff.html
</guid>
<description>
<![CDATA[
<img src="https://cdns.klimg.com/bola.net/library/upload/21/2017/09/175/jack-wilshere-2_c7e9d90.jpg" align="left" hspace="5" width="100"/>Merson menilai Wilshere pantas mendapatkan klub baru setelah Arsenal tidak memberinya kepercayaan penuh.
]]>
</description>
<enclosure url="https://cdns.klimg.com/bola.net/library/upload/21/2017/09/jack-wilshere-2_c7e9d90.jpg" length="51068" type="image/jpeg"/>
</item>
<item>
<title>
<![CDATA[
Derby Manchester, Guardiola Tak Ambil Pusing Perkara Rekor
]]>
</title>
<link>
https://www.bola.net/inggris/derby-manchester-guardiola-tak-ambil-pusing-perkara-rekor-1e8ea2.html
</link>
<pubDate>Sun, 10 Dec 2017 06:00:00 +0700</pubDate>
<category>inggris</category>
<author>editor@bola.net (Editor)</author>
<guid isPermaLink="true">
https://www.bola.net/inggris/derby-manchester-guardiola-tak-ambil-pusing-perkara-rekor-1e8ea2.html
</guid>
<description>
<![CDATA[
<img src="https://cdns.klimg.com/bola.net/library/upload/21/2017/10/175/josep-guardiola_a604308.jpg" align="left" hspace="5" width="100"/>Josep Guardiola berkeras bahwa ia tidak fokus untuk mencatat sejarah baru di Premier League malam nanti, seiring target Manchester City meraih 14 kemenangan beruntun ketika menghadapi Manchester United.
]]>
</description>
<enclosure url="https://cdns.klimg.com/bola.net/library/upload/21/2017/10/josep-guardiola_a604308.jpg" length="40558" type="image/jpeg"/>
</item>
<item>
<title>
<![CDATA[ Nacho Dukung Ronaldo Kembali Tajam di La Liga ]]>
</title>
<link>
https://www.bola.net/spanyol/nacho-dukung-ronaldo-kembali-tajam-di-la-liga-668bc7.html
</link>
<pubDate>Sun, 10 Dec 2017 05:50:00 +0700</pubDate>
<category>spanyol</category>
<author>editor@bola.net (Editor)</author>
<guid isPermaLink="true">
https://www.bola.net/spanyol/nacho-dukung-ronaldo-kembali-tajam-di-la-liga-668bc7.html
</guid>
<description>
<![CDATA[
<img src="https://cdns.klimg.com/bola.net/library/upload/21/2017/12/175/cristiano-ronaldo_c401207.jpg" align="left" hspace="5" width="100"/>Nacho percaya jika pemain andalan El Real, Cristiano Ronaldo akan menyudahi paceklik golnya dan akan kembali mencetak gol secara reguler di La Liga.
]]>
</description>
<enclosure url="https://cdns.klimg.com/bola.net/library/upload/21/2017/12/cristiano-ronaldo_c401207.jpg" length="77179" type="image/jpeg"/>
</item>
<item>
<title>
<![CDATA[
Keberadaan Aguero dan Jesus Bikin Guardiola Tambah Pusing
]]>
</title>
<link>
https://www.bola.net/inggris/keberadaan-aguero-dan-jesus-bikin-guardiola-tambah-pusing-9a70ab.html
</link>
<pubDate>Sun, 10 Dec 2017 05:40:00 +0700</pubDate>
<category>inggris</category>
<author>editor@bola.net (Editor)</author>
<guid isPermaLink="true">
https://www.bola.net/inggris/keberadaan-aguero-dan-jesus-bikin-guardiola-tambah-pusing-9a70ab.html
</guid>
<description>
<![CDATA[
<img src="https://cdns.klimg.com/bola.net/library/upload/21/2017/08/175/1_1d7e2a8.jpg" align="left" hspace="5" width="100"/>Bos Manchester City, Josep Guardiola, mengakui bahwa memilih antara Sergio Aguero dan Gabriel Jesus merupakan salah satu keputusan tersulit yang pernah ia buat sebagai pelatih kepala.
]]>
</description>
<enclosure url="https://cdns.klimg.com/bola.net/library/upload/21/2017/08/1_1d7e2a8.jpg" length="72706" type="image/jpeg"/>
</item>
<item>
<title>
<![CDATA[
Kalahkan Sevilla, Nacho Sanjung Dua Youngster Madrid
]]>
</title>
<link>
https://www.bola.net/spanyol/kalahkan-sevilla-nacho-sanjung-dua-youngster-madrid-99c9c3.html
</link>
<pubDate>Sun, 10 Dec 2017 05:30:00 +0700</pubDate>
<category>spanyol</category>
<author>editor@bola.net (Editor)</author>
<guid isPermaLink="true">
https://www.bola.net/spanyol/kalahkan-sevilla-nacho-sanjung-dua-youngster-madrid-99c9c3.html
</guid>
<description>
<![CDATA[
<img src="https://cdns.klimg.com/bola.net/library/upload/21/2017/12/175/achraf-hakimi_41812ef.jpg" align="left" hspace="5" width="100"/>Nacho menilai kedua youngster ini sudah tampil dengan sangat baik saat menggantikan pemain senior di tim utama Madrid.
]]>
</description>
<enclosure url="https://cdns.klimg.com/bola.net/library/upload/21/2017/12/achraf-hakimi_41812ef.jpg" length="80301" type="image/jpeg"/>
</item>
<item>
<title>
<![CDATA[
Mourinho Akui City dan United Sama-sama Bertambah Kuat
]]>
</title>
<link>
https://www.bola.net/inggris/mourinho-akui-city-dan-united-sama-sama-bertambah-kuat-898bce.html
</link>
<pubDate>Sun, 10 Dec 2017 05:20:00 +0700</pubDate>
<category>inggris</category>
<author>editor@bola.net (Editor)</author>
<guid isPermaLink="true">
https://www.bola.net/inggris/mourinho-akui-city-dan-united-sama-sama-bertambah-kuat-898bce.html
</guid>
<description>
<![CDATA[
<img src="https://cdns.klimg.com/bola.net/library/upload/21/2017/08/175/hl-mourinho5_53b7f8f.jpg" align="left" hspace="5" width="100"/>Manajer Manchester United, Jose Mourinho, berkeras bahwa timnya sudah banyak mengalami peningkatan menjelang laga derby melawan Manchester City di Old Trafford malam nanti.
]]>
</description>
<enclosure url="https://cdns.klimg.com/bola.net/library/upload/21/2017/08/hl-mourinho5_53b7f8f.jpg" length="65972" type="image/jpeg"/>
</item>
<item>
<title>
<![CDATA[ Alfredo Vera Ingin Boyong Penyerang Asal Argentina ]]>
</title>
<link>
https://www.bola.net/indonesia/alfredo-vera-ingin-boyong-penyerang-asal-argentina-423407.html
</link>
<pubDate>Sun, 10 Dec 2017 05:10:00 +0700</pubDate>
<category>indonesia</category>
<author>editor@bola.net (Editor)</author>
<guid isPermaLink="true">
https://www.bola.net/indonesia/alfredo-vera-ingin-boyong-penyerang-asal-argentina-423407.html
</guid>
<description>
<![CDATA[
<img src="https://cdns.klimg.com/bola.net/library/upload/21/2017/06/175/alfredo_eaeefeb.jpg" align="left" hspace="5" width="100"/>Pelatih berpaspor Argentina tersebut mengaku sudah mengantongi satu nama yang akan dibawa dari negaranya.
]]>
</description>
<enclosure url="https://cdns.klimg.com/bola.net/library/upload/21/2017/06/alfredo_eaeefeb.jpg" length="51031" type="image/jpeg"/>
</item>
<item>
<title>
<![CDATA[
Persebaya Beri Isyarat Datangkan Pemain Yang Diharamkan Bonek
]]>
</title>
<link>
https://www.bola.net/indonesia/persebaya-beri-isyarat-datangkan-pemain-yang-diharamkan-bonek-b1be07.html
</link>
<pubDate>Sun, 10 Dec 2017 05:07:00 +0700</pubDate>
<category>indonesia</category>
<author>editor@bola.net (Editor)</author>
<guid isPermaLink="true">
https://www.bola.net/indonesia/persebaya-beri-isyarat-datangkan-pemain-yang-diharamkan-bonek-b1be07.html
</guid>
<description>
<![CDATA[
<img src="https://cdns.klimg.com/bola.net/library/upload/21/2017/09/175/otavio-dutra-1_6e3deef.jpg" align="left" hspace="5" width="100"/>Pelatih Persebaya Surabaya, Angel Alfredo Vera memberi isyarat untuk mendatangkan pemain yang diharamkan oleh Bonek Mania.
]]>
</description>
<enclosure url="https://cdns.klimg.com/bola.net/library/upload/21/2017/09/otavio-dutra-1_6e3deef.jpg" length="99792" type="image/jpeg"/>
</item>
<item>
<title>
<![CDATA[
Lolos Final, Pansa FC dan IKIP Budi Utomo Promosi ke Liga 1 WPFL
]]>
</title>
<link>
https://www.bola.net/olahraga_lain_lain/lolos-final-pansa-fc-dan-ikip-budi-utomo-promosi-ke-liga-1-wpfl-d355e7.html
</link>
<pubDate>Sun, 10 Dec 2017 05:04:00 +0700</pubDate>
<category>olahraga_lain_lain</category>
<author>editor@bola.net (Editor)</author>
<guid isPermaLink="true">
https://www.bola.net/olahraga_lain_lain/lolos-final-pansa-fc-dan-ikip-budi-utomo-promosi-ke-liga-1-wpfl-d355e7.html
</guid>
<description>
<![CDATA[
<img src="https://cdns.klimg.com/bola.net/library/upload/21/2017/12/175/tim-futsal-putri-bud_cc6ee0e.jpg" align="left" hspace="5" width="100"/>Pansa FC Yogyakarta dan IKIP Budi Utomo Malang berhak tampil di Women Pro Futsal League (WPFL) musim 2018.
]]>
</description>
<enclosure url="https://cdns.klimg.com/bola.net/library/upload/21/2017/12/tim-futsal-putri-bud_cc6ee0e.jpg" length="99044" type="image/jpeg"/>
</item>
<item>
<title>
<![CDATA[
Dua Pemuda Ini Dapat Tempat Khusus di Hati Mourinho
]]>
</title>
<link>
https://www.bola.net/inggris/dua-pemuda-ini-dapat-tempat-khusus-di-hati-mourinho-132ae2.html
</link>
<pubDate>Sun, 10 Dec 2017 05:00:00 +0700</pubDate>
<category>inggris</category>
<author>editor@bola.net (Editor)</author>
<guid isPermaLink="true">
https://www.bola.net/inggris/dua-pemuda-ini-dapat-tempat-khusus-di-hati-mourinho-132ae2.html
</guid>
<description>
<![CDATA[
<img src="https://cdns.klimg.com/bola.net/library/upload/21/2017/09/175/jose-mourinho_7da9614.jpg" align="left" hspace="5" width="100"/>Bos Manchester United, Jose Mourinho, mengatakan bahwa ia amat mempercayai kemampuan bermain Axel Tuanzebe dan Scott McTominay.
]]>
</description>
<enclosure url="https://cdns.klimg.com/bola.net/library/upload/21/2017/09/jose-mourinho_7da9614.jpg" length="59963" type="image/jpeg"/>
</item>
<item>
<title>
<![CDATA[ Hasil Pertandingan Juventus vs Inter Milan: 0-0 ]]>
</title>
<link>
https://www.bola.net/italia/hasil-pertandingan-juventus-vs-inter-milan-0-0-f2f793.html
</link>
<pubDate>Sun, 10 Dec 2017 04:44:00 +0700</pubDate>
<category>italia</category>
<author>editor@bola.net (Editor)</author>
<guid isPermaLink="true">
https://www.bola.net/italia/hasil-pertandingan-juventus-vs-inter-milan-0-0-f2f793.html
</guid>
<description>
<![CDATA[
<img src="https://cdns.klimg.com/bola.net/library/upload/21/2017/12/175/juventus-vs-inter-mi_341f21b.jpg" align="left" hspace="5" width="100"/>Antiklimaks, Derby D'Italia Berakhir Tanpa Pemenang
]]>
</description>
<enclosure url="https://cdns.klimg.com/bola.net/library/upload/21/2017/12/juventus-vs-inter-mi_341f21b.jpg" length="81169" type="image/jpeg"/>
</item>
<item>
<title>
<![CDATA[
United Terpaksa Tampil Tanpa Bailly di Derby Manchester
]]>
</title>
<link>
https://www.bola.net/inggris/united-terpaksa-tampil-tanpa-bailly-di-derby-manchester-7c6cfc.html
</link>
<pubDate>Sun, 10 Dec 2017 04:40:00 +0700</pubDate>
<category>inggris</category>
<author>editor@bola.net (Editor)</author>
<guid isPermaLink="true">
https://www.bola.net/inggris/united-terpaksa-tampil-tanpa-bailly-di-derby-manchester-7c6cfc.html
</guid>
<description>
<![CDATA[
<img src="https://cdns.klimg.com/bola.net/library/upload/21/2017/09/175/eric-bailly_0593ac0.jpg" align="left" hspace="5" width="100"/>Zlatan Ibrahimovic dan Phil Jones bakal fit untuk tampil di derby Manchester malam nanti, menurut manajer Manchester United, Jose Mourinho.
]]>
</description>
<enclosure url="https://cdns.klimg.com/bola.net/library/upload/21/2017/09/eric-bailly_0593ac0.jpg" length="54772" type="image/jpeg"/>
</item>
<item>
<title>
<![CDATA[ Nacho: Inilah Madrid Yang Sesungguhnya ]]>
</title>
<link>
https://www.bola.net/spanyol/nacho-inilah-madrid-yang-sesungguhnya-8b7d88.html
</link>
<pubDate>Sun, 10 Dec 2017 04:30:00 +0700</pubDate>
<category>spanyol</category>
<author>editor@bola.net (Editor)</author>
<guid isPermaLink="true">
https://www.bola.net/spanyol/nacho-inilah-madrid-yang-sesungguhnya-8b7d88.html
</guid>
<description>
<![CDATA[
<img src="https://cdns.klimg.com/bola.net/library/upload/21/2017/12/175/selebrasi-gol-toni-k_8491cb7.jpg" align="left" hspace="5" width="100"/>Nacho menyebut permainan mereka di Santiago Bernabeu itu merupakan wujud sejati Los Blancos.
]]>
</description>
<enclosure url="https://cdns.klimg.com/bola.net/library/upload/21/2017/12/selebrasi-gol-toni-k_8491cb7.jpg" length="81458" type="image/jpeg"/>
</item>
<item>
<title>
<![CDATA[
Mourinho Anggap Guardiola Diistimewakan Premier League
]]>
</title>
<link>
https://www.bola.net/inggris/mourinho-anggap-guardiola-diistimewakan-premier-league-e9da9a.html
</link>
<pubDate>Sun, 10 Dec 2017 04:20:00 +0700</pubDate>
<category>inggris</category>
<author>editor@bola.net (Editor)</author>
<guid isPermaLink="true">
https://www.bola.net/inggris/mourinho-anggap-guardiola-diistimewakan-premier-league-e9da9a.html
</guid>
<description>
<![CDATA[
<img src="https://cdns.klimg.com/bola.net/library/upload/21/2017/12/175/1_cd0266b.jpg" align="left" hspace="5" width="100"/>Jose Mourinho menyebut Josep Guardiola mendapat keistimewaan khusus dari Premier League, untuk menunjukkan pandangan politik di sisi lapangan tanpa mendapat sanksi apapun.
]]>
</description>
<enclosure url="https://cdns.klimg.com/bola.net/library/upload/21/2017/12/1_cd0266b.jpg" length="55465" type="image/jpeg"/>
</item>
<item>
<title>
<![CDATA[
Bantai Sevilla, Pemain Ini Catatkan Sejarah Baru di Madrid
]]>
</title>
<link>
https://www.bola.net/spanyol/bantai-sevilla-pemain-ini-catatkan-sejarah-baru-di-madrid-37ae65.html
</link>
<pubDate>Sun, 10 Dec 2017 04:10:00 +0700</pubDate>
<category>spanyol</category>
<author>editor@bola.net (Editor)</author>
<guid isPermaLink="true">
https://www.bola.net/spanyol/bantai-sevilla-pemain-ini-catatkan-sejarah-baru-di-madrid-37ae65.html
</guid>
<description>
<![CDATA[
<img src="https://cdns.klimg.com/bola.net/library/upload/21/2017/12/175/achraf-hakimi_41812ef.jpg" align="left" hspace="5" width="100"/>Achraf Hakimi resmi menjadi orang Moroko pertama yang mencetak gol bagi El Real sepanjang sejarah.
]]>
</description>
<enclosure url="https://cdns.klimg.com/bola.net/library/upload/21/2017/12/achraf-hakimi_41812ef.jpg" length="80301" type="image/jpeg"/>
</item>
<item>
<title>
<![CDATA[
Mourinho Kunci Rapat Rahasia Taktiknya untuk Derby Manchester
]]>
</title>
<link>
https://www.bola.net/inggris/mourinho-kunci-rapat-rahasia-taktiknya-untuk-derby-manchester-8ebde2.html
</link>
<pubDate>Sun, 10 Dec 2017 04:00:00 +0700</pubDate>
<category>inggris</category>
<author>editor@bola.net (Editor)</author>
<guid isPermaLink="true">
https://www.bola.net/inggris/mourinho-kunci-rapat-rahasia-taktiknya-untuk-derby-manchester-8ebde2.html
</guid>
<description>
<![CDATA[
<img src="https://cdns.klimg.com/bola.net/library/upload/21/2017/11/175/jose-mourinho_b0bf113.jpg" align="left" hspace="5" width="100"/>Jose Mourinho enggan memberikan sedikit pun bocoran mengenai taktik maupun formasi yang akan ia turunkan untuk laga derby Manchester malam nanti.
]]>
</description>
<enclosure url="https://cdns.klimg.com/bola.net/library/upload/21/2017/11/jose-mourinho_b0bf113.jpg" length="68950" type="image/jpeg"/>
</item>
<item>
<title>
<![CDATA[ Tanpa Pogba, MU Diragukan Bisa Kalahkan City ]]>
</title>
<link>
https://www.bola.net/inggris/tanpa-pogba-mu-diragukan-bisa-kalahkan-city-12c646.html
</link>
<pubDate>Sun, 10 Dec 2017 03:50:00 +0700</pubDate>
<category>inggris</category>
<author>editor@bola.net (Editor)</author>
<guid isPermaLink="true">
https://www.bola.net/inggris/tanpa-pogba-mu-diragukan-bisa-kalahkan-city-12c646.html
</guid>
<description>
<![CDATA[
<img src="https://cdns.klimg.com/bola.net/library/upload/21/2017/08/175/paul-pogba_b12f50d.jpg" align="left" hspace="5" width="100"/>Merson menyebut tanpa Pogba, MU akan kesulitan menghadang The Citizens
]]>
</description>
<enclosure url="https://cdns.klimg.com/bola.net/library/upload/21/2017/08/paul-pogba_b12f50d.jpg" length="83524" type="image/jpeg"/>
</item>
<item>
<title>
<![CDATA[
Mourinho Anggap Derby Manchester Spesial, Alasannya Tak Terduga
]]>
</title>
<link>
https://www.bola.net/inggris/mourinho-anggap-derby-manchester-spesial-alasannya-tak-terduga-c769b7.html
</link>
<pubDate>Sun, 10 Dec 2017 03:40:00 +0700</pubDate>
<category>inggris</category>
<author>editor@bola.net (Editor)</author>
<guid isPermaLink="true">
https://www.bola.net/inggris/mourinho-anggap-derby-manchester-spesial-alasannya-tak-terduga-c769b7.html
</guid>
<description>
<![CDATA[
<img src="https://cdns.klimg.com/bola.net/library/upload/21/2017/10/175/jose-mourinho_a128fac.jpg" align="left" hspace="5" width="100"/>Jose Mourinho menilai laga derby Manchester di Old Trafford besok adalah pertandingan yang spesial. Namun manajer Portugal itu punya alasan yang cukup mengejutkan.
]]>
</description>
<enclosure url="https://cdns.klimg.com/bola.net/library/upload/21/2017/10/jose-mourinho_a128fac.jpg" length="65361" type="image/jpeg"/>
</item>
<item>
<title>
<![CDATA[
Soal Peluang Juara Chelsea, Cahill Tunggu Derby Manchester
]]>
</title>
<link>
https://www.bola.net/inggris/soal-peluang-juara-chelsea-cahill-tunggu-derby-manchester-4722c3.html
</link>
<pubDate>Sun, 10 Dec 2017 03:30:00 +0700</pubDate>
<category>inggris</category>
<author>editor@bola.net (Editor)</author>
<guid isPermaLink="true">
https://www.bola.net/inggris/soal-peluang-juara-chelsea-cahill-tunggu-derby-manchester-4722c3.html
</guid>
<description>
<![CDATA[
<img src="https://cdns.klimg.com/bola.net/library/upload/21/2017/12/175/mu-city-996x664_2fe9f58.jpg" align="left" hspace="5" width="100"/>Cahill menilai timnya masih bisa memangkas ketertinggalan dan pertandingan Derby Manchester besok akan menjadi salah satu kuncinya.
]]>
</description>
<enclosure url="https://cdns.klimg.com/bola.net/library/upload/21/2017/12/mu-city-996x664_2fe9f58.jpg" length="76456" type="image/jpeg"/>
</item>
<item>
<title>
<![CDATA[
Mourinho Berkeras Juara EPL Belum Digariskan untuk MU
]]>
</title>
<link>
https://www.bola.net/inggris/mourinho-berkeras-juara-epl-belum-digariskan-untuk-mu-d72eb8.html
</link>
<pubDate>Sun, 10 Dec 2017 03:20:00 +0700</pubDate>
<category>inggris</category>
<author>editor@bola.net (Editor)</author>
<guid isPermaLink="true">
https://www.bola.net/inggris/mourinho-berkeras-juara-epl-belum-digariskan-untuk-mu-d72eb8.html
</guid>
<description>
<![CDATA[
<img src="https://cdns.klimg.com/bola.net/library/upload/21/2017/10/175/jose-mourinho_285b44f.jpg" align="left" hspace="5" width="100"/>Jose Mourinho berkeras bahwa trofi Premier League masih belum ditakdirkan untuk dimenangkan oleh Manchester United atau Manchester City musim ini.
]]>
</description>
<enclosure url="https://cdns.klimg.com/bola.net/library/upload/21/2017/10/jose-mourinho_285b44f.jpg" length="73685" type="image/jpeg"/>
</item>
<item>
<title>
<![CDATA[ Kalah, Cahill Sindir Taktik Parkir Bus West Ham ]]>
</title>
<link>
https://www.bola.net/inggris/kalah-cahill-sindir-taktik-parkir-bus-west-ham-d7a61b.html
</link>
<pubDate>Sun, 10 Dec 2017 03:10:00 +0700</pubDate>
<category>inggris</category>
<author>editor@bola.net (Editor)</author>
<guid isPermaLink="true">
https://www.bola.net/inggris/kalah-cahill-sindir-taktik-parkir-bus-west-ham-d7a61b.html
</guid>
<description>
<![CDATA[
<img src="https://cdns.klimg.com/bola.net/library/upload/21/2017/12/175/west-ham-vs-chelsea_d405b56.jpg" align="left" hspace="5" width="100"/>Cahill menilai timnya bisa meraih hasil berbeda jika West Ham United tidak memarkir bus sepanjang laga.
]]>
</description>
<enclosure url="https://cdns.klimg.com/bola.net/library/upload/21/2017/12/west-ham-vs-chelsea_d405b56.jpg" length="79378" type="image/jpeg"/>
</item>
<item>
<title>
<![CDATA[
Madrid Goda Neymar dengan Ballon d'Or, Bos PSG Beri Reaksi
]]>
</title>
<link>
https://www.bola.net/spanyol/madrid-goda-neymar-dengan-ballon-d-or-bos-psg-beri-reaksi-101992.html
</link>
<pubDate>Sun, 10 Dec 2017 03:00:00 +0700</pubDate>
<category>spanyol</category>
<author>editor@bola.net (Editor)</author>
<guid isPermaLink="true">
https://www.bola.net/spanyol/madrid-goda-neymar-dengan-ballon-d-or-bos-psg-beri-reaksi-101992.html
</guid>
<description>
<![CDATA[
<img src="https://cdns.klimg.com/bola.net/library/upload/21/2017/09/175/hl-neymar_8ae4278.jpg" align="left" hspace="5" width="100"/>Bos PSG, Unai Emery, memberikan reaksi atas pernyataan presiden Real Madrid, Florentino Perez, yang belum lama ini seolah mendorong Neymar bergabung dengan klub ibu kota.
]]>
</description>
<enclosure url="https://cdns.klimg.com/bola.net/library/upload/21/2017/09/hl-neymar_8ae4278.jpg" length="70276" type="image/jpeg"/>
</item>
<item>
<title>
<![CDATA[
Lini Serang Mandul, Madrid Import Striker Dari Rusia
]]>
</title>
<link>
https://www.bola.net/spanyol/lini-serang-mandul-madrid-import-striker-dari-rusia-33f782.html
</link>
<pubDate>Sun, 10 Dec 2017 02:50:00 +0700</pubDate>
<category>spanyol</category>
<author>editor@bola.net (Editor)</author>
<guid isPermaLink="true">
https://www.bola.net/spanyol/lini-serang-mandul-madrid-import-striker-dari-rusia-33f782.html
</guid>
<description>
<![CDATA[
<img src="https://cdns.klimg.com/bola.net/library/upload/21/2017/12/175/fyodor-smolov_4aaa8b7.jpg" align="left" hspace="5" width="100"/>El Real kabarnya membidik striker Timnas Rusia, Fedor Smolov.
]]>
</description>
<enclosure url="https://cdns.klimg.com/bola.net/library/upload/21/2017/12/fyodor-smolov_4aaa8b7.jpg" length="103326" type="image/jpeg"/>
</item>
<item>
<title>
<![CDATA[
Raksasa Premier League Saling Sikut Demi Tanda Tangan Modric
]]>
</title>
<link>
https://www.bola.net/inggris/raksasa-premier-league-saling-sikut-demi-tanda-tangan-modric-cf0c14.html
</link>
<pubDate>Sun, 10 Dec 2017 02:40:00 +0700</pubDate>
<category>inggris</category>
<author>editor@bola.net (Editor)</author>
<guid isPermaLink="true">
https://www.bola.net/inggris/raksasa-premier-league-saling-sikut-demi-tanda-tangan-modric-cf0c14.html
</guid>
<description>
<![CDATA[
<img src="https://cdns.klimg.com/bola.net/library/upload/21/2017/07/175/1_3441187.jpg" align="left" hspace="5" width="100"/>Tottenham dikabarkan belum lama ini menghadapi persaingan dari Manchester United dalam upaya memulangkan mantan gelandang mereka, Luka Modric, dari Real Madrid ke Premier League.
]]>
</description>
<enclosure url="https://cdns.klimg.com/bola.net/library/upload/21/2017/07/1_3441187.jpg" length="57205" type="image/jpeg"/>
</item>
<item>
<title>
<![CDATA[ Cahill: Chelsea Main Di Bawah Standart ]]>
</title>
<link>
https://www.bola.net/inggris/cahill-chelsea-main-di-bawah-standart-e03862.html
</link>
<pubDate>Sun, 10 Dec 2017 02:30:00 +0700</pubDate>
<category>inggris</category>
<author>editor@bola.net (Editor)</author>
<guid isPermaLink="true">
https://www.bola.net/inggris/cahill-chelsea-main-di-bawah-standart-e03862.html
</guid>
<description>
<![CDATA[
<img src="https://cdns.klimg.com/bola.net/library/upload/21/2017/12/175/west-ham-vs-chelsea_d405b56.jpg" align="left" hspace="5" width="100"/>Cahill menilai timnya memang pantas kalah karena tidak cepat panas semenjak awal laga.
]]>
</description>
<enclosure url="https://cdns.klimg.com/bola.net/library/upload/21/2017/12/west-ham-vs-chelsea_d405b56.jpg" length="79378" type="image/jpeg"/>
</item>
<item>
<title>
<![CDATA[
Detik-detik Derby Merseyside, Moreno Alami Cedera Langka
]]>
</title>
<link>
https://www.bola.net/inggris/detik-detik-derby-merseyside-moreno-alami-cedera-langka-933125.html
</link>
<pubDate>Sun, 10 Dec 2017 02:20:00 +0700</pubDate>
<category>inggris</category>
<author>editor@bola.net (Editor)</author>
<guid isPermaLink="true">
https://www.bola.net/inggris/detik-detik-derby-merseyside-moreno-alami-cedera-langka-933125.html
</guid>
<description>
<![CDATA[
<img src="https://cdns.klimg.com/bola.net/library/upload/21/2017/08/175/moreno_27091c8.jpg" align="left" hspace="5" width="100"/>Bek sayap Liverpool, Alberto Moreno, dinyatakan takkan bisa bermain di laga akhir pekan melawan Everton dan juga diragukan turun selama periode sibuk.
]]>
</description>
<enclosure url="https://cdns.klimg.com/bola.net/library/upload/21/2017/08/moreno_27091c8.jpg" length="61300" type="image/jpeg"/>
</item>
<item>
<title>
<![CDATA[ Terpeleset Lagi, Conte Minta Chelsea Lekas Move On ]]>
</title>
<link>
https://www.bola.net/inggris/terpeleset-lagi-conte-minta-chelsea-lekas-move-on-101595.html
</link>
<pubDate>Sun, 10 Dec 2017 02:10:00 +0700</pubDate>
<category>inggris</category>
<author>editor@bola.net (Editor)</author>
<guid isPermaLink="true">
https://www.bola.net/inggris/terpeleset-lagi-conte-minta-chelsea-lekas-move-on-101595.html
</guid>
<description>
<![CDATA[
<img src="https://cdns.klimg.com/bola.net/library/upload/21/2017/12/175/antonio-conte_0375f9f.jpg" align="left" hspace="5" width="100"/>Conte sendiri meminta anak asuhnya untuk tidak larut dalam kekecewaan dan segera move on ke pertandingan berikutnya.
]]>
</description>
<enclosure url="https://cdns.klimg.com/bola.net/library/upload/21/2017/12/antonio-conte_0375f9f.jpg" length="58302" type="image/jpeg"/>
</item>
<item>
<title>
<![CDATA[
Jarang Dimainkan, Wenger Hembuskan Angin Surga pada Pemain Ini
]]>
</title>
<link>
https://www.bola.net/inggris/jarang-dimainkan-wenger-hembuskan-angin-surga-pada-pemain-ini-dc8805.html
</link>
<pubDate>Sun, 10 Dec 2017 02:00:00 +0700</pubDate>
<category>inggris</category>
<author>editor@bola.net (Editor)</author>
<guid isPermaLink="true">
https://www.bola.net/inggris/jarang-dimainkan-wenger-hembuskan-angin-surga-pada-pemain-ini-dc8805.html
</guid>
<description>
<![CDATA[
<img src="https://cdns.klimg.com/bola.net/library/upload/21/2017/12/175/1_61b71a1.jpg" align="left" hspace="5" width="100"/>Bos Arsenal, Arsene Wenger, kembali menegaskan bahwa ia siap memberi Mathieu Debuchy kesempatan bermain reguler - usai sang bek menunjukkan perkembangan penampilan belum lama ini.
]]>
</description>
<enclosure url="https://cdns.klimg.com/bola.net/library/upload/21/2017/12/1_61b71a1.jpg" length="63040" type="image/jpeg"/>
</item>
<item>
<title>
<![CDATA[ Dibekuk West Ham, Ini Alibi Conte ]]>
</title>
<link>
https://www.bola.net/inggris/dibekuk-west-ham-ini-alibi-conte-d492ec.html
</link>
<pubDate>Sun, 10 Dec 2017 01:50:00 +0700</pubDate>
<category>inggris</category>
<author>editor@bola.net (Editor)</author>
<guid isPermaLink="true">
https://www.bola.net/inggris/dibekuk-west-ham-ini-alibi-conte-d492ec.html
</guid>
<description>
<![CDATA[
<img src="https://cdns.klimg.com/bola.net/library/upload/21/2017/09/175/1_078dd47.jpg" align="left" hspace="5" width="100"/> Conte menyebut timnya kelelahan sehingga tidak tampil maksimal pada laga tersebut.
]]>
</description>
<enclosure url="https://cdns.klimg.com/bola.net/library/upload/21/2017/09/1_078dd47.jpg" length="56624" type="image/jpeg"/>
</item>
<item>
<title>
<![CDATA[
Direktur Liverpool pun Gelap Soal Masa Depan Coutinho
]]>
</title>
<link>
https://www.bola.net/inggris/direktur-liverpool-pun-gelap-soal-masa-depan-coutinho-6eedb7.html
</link>
<pubDate>Sun, 10 Dec 2017 01:40:00 +0700</pubDate>
<category>inggris</category>
<author>editor@bola.net (Editor)</author>
<guid isPermaLink="true">
https://www.bola.net/inggris/direktur-liverpool-pun-gelap-soal-masa-depan-coutinho-6eedb7.html
</guid>
<description>
<![CDATA[
<img src="https://cdns.klimg.com/bola.net/library/upload/21/2017/08/175/philippe-coutinho_7faa348.jpg" align="left" hspace="5" width="100"/>Direktur Liverpool, Peter Moore, mengakui bahwa mustahil bagi pihaknya menjamin Philippe Coutinho masih akan bertahan di Anfield begitu bursa transfer musim dingin berakhir.
]]>
</description>
<enclosure url="https://cdns.klimg.com/bola.net/library/upload/21/2017/08/philippe-coutinho_7faa348.jpg" length="70176" type="image/jpeg"/>
</item>
<item>
<title>
<![CDATA[ Liverpool Kembali Moncer, Ini Rahasianya ]]>
</title>
<link>
https://www.bola.net/inggris/liverpool-kembali-moncer-ini-rahasianya-f82e94.html
</link>
<pubDate>Sun, 10 Dec 2017 01:30:00 +0700</pubDate>
<category>inggris</category>
<author>editor@bola.net (Editor)</author>
<guid isPermaLink="true">
https://www.bola.net/inggris/liverpool-kembali-moncer-ini-rahasianya-f82e94.html
</guid>
<description>
<![CDATA[
<img src="https://cdns.klimg.com/bola.net/library/upload/21/2017/12/175/selebrasi-gol-liverp_8705655.jpg" align="left" hspace="5" width="100"/>Lovren menyebut kekalahan kontra Tottenham membuat The Reds kembali tercambuk untuk tampil spektakuler.
]]>
</description>
<enclosure url="https://cdns.klimg.com/bola.net/library/upload/21/2017/12/selebrasi-gol-liverp_8705655.jpg" length="95675" type="image/jpeg"/>
</item>
<item>
<title>
<![CDATA[
Dilarang Putus Asa, Arsenal Masih Bisa Juara Premier League
]]>
</title>
<link>
https://www.bola.net/inggris/dilarang-putus-asa-arsenal-masih-bisa-juara-premier-league-4c977a.html
</link>
<pubDate>Sun, 10 Dec 2017 01:20:00 +0700</pubDate>
<category>inggris</category>
<author>editor@bola.net (Editor)</author>
<guid isPermaLink="true">
https://www.bola.net/inggris/dilarang-putus-asa-arsenal-masih-bisa-juara-premier-league-4c977a.html
</guid>
<description>
<![CDATA[
<img src="https://cdns.klimg.com/bola.net/library/upload/21/2017/11/175/arsenal_960bfab.jpg" align="left" hspace="5" width="100"/>Bos Southampton, Mauricio Pellegrino, memuji Arsenal menjelang pertemuan kedua klub di laga Premier League malam nanti.
]]>
</description>
<enclosure url="https://cdns.klimg.com/bola.net/library/upload/21/2017/11/arsenal_960bfab.jpg" length="105448" type="image/jpeg"/>
</item>
<item>
<title>
<![CDATA[ Wenger Lempar Handuk Dalam Perburuan Juara EPL ]]>
</title>
<link>
https://www.bola.net/inggris/wenger-lempar-handuk-dalam-perburuan-juara-epl-146925.html
</link>
<pubDate>Sun, 10 Dec 2017 01:10:00 +0700</pubDate>
<category>inggris</category>
<author>editor@bola.net (Editor)</author>
<guid isPermaLink="true">
https://www.bola.net/inggris/wenger-lempar-handuk-dalam-perburuan-juara-epl-146925.html
</guid>
<description>
<![CDATA[
<img src="https://cdns.klimg.com/bola.net/library/upload/21/2017/09/175/arsene-wenger_6451159.jpg" align="left" hspace="5" width="100"/>Wenger menyebut gelar juara itu sudah mustahil diraih timnya di akhir musim ini.
]]>
</description>
<enclosure url="https://cdns.klimg.com/bola.net/library/upload/21/2017/09/arsene-wenger_6451159.jpg" length="65488" type="image/jpeg"/>
</item>
<item>
<title>
<![CDATA[
Digosipkan Pulangkan Gareth Bale, Begini Reaksi Bos Spurs
]]>
</title>
<link>
https://www.bola.net/inggris/digosipkan-pulangkan-gareth-bale-begini-reaksi-bos-spurs-1541a5.html
</link>
<pubDate>Sun, 10 Dec 2017 01:00:00 +0700</pubDate>
<category>inggris</category>
<author>editor@bola.net (Editor)</author>
<guid isPermaLink="true">
https://www.bola.net/inggris/digosipkan-pulangkan-gareth-bale-begini-reaksi-bos-spurs-1541a5.html
</guid>
<description>
<![CDATA[
<img src="https://cdns.klimg.com/bola.net/library/upload/21/2017/11/175/mauricio-pochettino-_fbb6877.jpg" align="left" hspace="5" width="100"/>Bos Tottenham, Mauricio Pochettino, tidak menutup kemungkinan memulangkan Gareth Bale ke London Utara di masa mendatang.
]]>
</description>
<enclosure url="https://cdns.klimg.com/bola.net/library/upload/21/2017/11/mauricio-pochettino-_fbb6877.jpg" length="59175" type="image/jpeg"/>
</item>
<item>
<title>
<![CDATA[ Ini Petuah Conte Agar Hazard Menang Ballon D'Or ]]>
</title>
<link>
https://www.bola.net/inggris/ini-petuah-conte-agar-hazard-menang-ballon-d-or-accb4e.html
</link>
<pubDate>Sun, 10 Dec 2017 00:50:00 +0700</pubDate>
<category>inggris</category>
<author>editor@bola.net (Editor)</author>
<guid isPermaLink="true">
https://www.bola.net/inggris/ini-petuah-conte-agar-hazard-menang-ballon-d-or-accb4e.html
</guid>
<description>
<![CDATA[
<img src="https://cdns.klimg.com/bola.net/library/upload/21/2017/12/175/eden-hazard_439141a.jpg" align="left" hspace="5" width="100"/>Conte percaya Hazard berpotensi memenangkan Ballon D'Or, namun ia meminta agar Hazard lebih berkontribusi ke klub meraih banyak trofi yang mana akan menjadi kunci untuk memenangkan Ballon D'Or.
]]>
</description>
<enclosure url="https://cdns.klimg.com/bola.net/library/upload/21/2017/12/eden-hazard_439141a.jpg" length="75749" type="image/jpeg"/>
</item>
<item>
<title>
<![CDATA[
Merasa Tidak Adil, Madrid Akan Banding Hukuman Carvajal
]]>
</title>
<link>
https://www.bola.net/spanyol/merasa-tidak-adil-madrid-akan-banding-hukuman-carvajal-f60206.html
</link>
<pubDate>Sun, 10 Dec 2017 00:40:00 +0700</pubDate>
<category>spanyol</category>
<author>editor@bola.net (Editor)</author>
<guid isPermaLink="true">
https://www.bola.net/spanyol/merasa-tidak-adil-madrid-akan-banding-hukuman-carvajal-f60206.html
</guid>
<description>
<![CDATA[
<img src="https://cdns.klimg.com/bola.net/library/upload/21/2017/08/175/dani-carvajal_dd46ff2.jpg" align="left" hspace="5" width="100"/>Bos Real Madrid, Zinedine Zidane, mengungkap bahwa pihaknya akan mengajukan banding atas hukuman dua laga yang diterima Dani Carvajal - sesuatu yang menurutnya 'tidak adil'.
]]>
</description>
<enclosure url="https://cdns.klimg.com/bola.net/library/upload/21/2017/08/dani-carvajal_dd46ff2.jpg" length="51541" type="image/jpeg"/>
</item>
<item>
<title>
<![CDATA[ Kalah Kelas, FC Binjai dan Dumai FC Gagal ke Final ]]>
</title>
<link>
https://www.bola.net/olahraga_lain_lain/kalah-kelas-fc-binjai-dan-dumai-fc-gagal-ke-final-3fabb1.html
</link>
<pubDate>Sun, 10 Dec 2017 00:35:00 +0700</pubDate>
<category>olahraga_lain_lain</category>
<author>editor@bola.net (Editor)</author>
<guid isPermaLink="true">
https://www.bola.net/olahraga_lain_lain/kalah-kelas-fc-binjai-dan-dumai-fc-gagal-ke-final-3fabb1.html
</guid>
<description>
<![CDATA[
<img src="https://cdns.klimg.com/bola.net/library/upload/21/2017/12/175/fc-binjai_328da7d.jpg" align="left" hspace="5" width="100"/>FC Binjai dan Dumai FC gagal melaju ke partai final Liga Futsal Nusantara 2017. Keduanya tumbang di babak semifinal yang digelar di GOR ITB Jatinangor, Sumedang, Jawa Barat, Sabtu (9/12/201).
]]>
</description>
<enclosure url="https://cdns.klimg.com/bola.net/library/upload/21/2017/12/fc-binjai_328da7d.jpg" length="73334" type="image/jpeg"/>
</item>
<item>
<title>
<![CDATA[ Sturridge Masuk Radar Klub Spanyol Ini ]]>
</title>
<link>
https://www.bola.net/inggris/sturridge-masuk-radar-klub-spanyol-ini-381cbe.html
</link>
<pubDate>Sun, 10 Dec 2017 00:30:00 +0700</pubDate>
<category>inggris</category>
<author>editor@bola.net (Editor)</author>
<guid isPermaLink="true">
https://www.bola.net/inggris/sturridge-masuk-radar-klub-spanyol-ini-381cbe.html
</guid>
<description>
<![CDATA[
<img src="https://cdns.klimg.com/bola.net/library/upload/21/2017/08/175/daniel-sturridge-005_0b729d9.jpg" align="left" hspace="5" width="100"/>Betis disebut akan mencoba mendatangkan striker Liverpool itu pada bulan Januari nanti.
]]>
</description>
<enclosure url="https://cdns.klimg.com/bola.net/library/upload/21/2017/08/daniel-sturridge-005_0b729d9.jpg" length="85490" type="image/jpeg"/>
</item>
<item>
<title>
<![CDATA[ PSS Sleman Diharapkan Susul Persebaya di Liga 1 ]]>
</title>
<link>
https://www.bola.net/indonesia/pss-sleman-diharapkan-susul-persebaya-di-liga-1-f5da8b.html
</link>
<pubDate>Sun, 10 Dec 2017 00:29:00 +0700</pubDate>
<category>indonesia</category>
<author>editor@bola.net (Editor)</author>
<guid isPermaLink="true">
https://www.bola.net/indonesia/pss-sleman-diharapkan-susul-persebaya-di-liga-1-f5da8b.html
</guid>
<description>
<![CDATA[
<img src="https://cdns.klimg.com/bola.net/library/upload/21/2017/12/175/persebaya-vs-pss-sle_ba6b0b1.jpg" align="left" hspace="5" width="100"/>Pelatih Persebaya, Angel Alfredo Vera menyampaikan terima kasih kepada PSS Sleman karena memenuhi undangan dalam laga persahabatan bertajuk celebration game, Sabtu (9/12). Sebab tanpa kehadiran PSS, acara tersebut belum tentu berjalan sukses.
]]>
</description>
<enclosure url="https://cdns.klimg.com/bola.net/library/upload/21/2017/12/persebaya-vs-pss-sle_ba6b0b1.jpg" length="79074" type="image/jpeg"/>
</item>
<item>
<title>
<![CDATA[ Highlights La Liga: Real Madrid 5-0 Sevilla ]]>
</title>
<link>
https://www.bola.net/open-play/highlights-la-liga-real-madrid-5-0-sevilla-7460d4.html
</link>
<pubDate>Sun, 10 Dec 2017 00:22:00 +0700</pubDate>
<category>open-play</category>
<author>editor@bola.net (Editor)</author>
<guid isPermaLink="true">
https://www.bola.net/open-play/highlights-la-liga-real-madrid-5-0-sevilla-7460d4.html
</guid>
<description>
<![CDATA[
<img src="https://cdns.klimg.com/bola.net/library/upload/21/2017/12/175/cristiano-ronaldo-vs_5a35ada.jpg" align="left" hspace="5" width="100"/>Real Madrid memetik kemenangan besar di pekan ke-15 La Liga. Menjamu Sevilla di Santiago Bernabeu, Sabtu (9/12), Los Blancos menang dengan skor 5-0.
]]>
</description>
<enclosure url="https://cdns.klimg.com/bola.net/library/upload/21/2017/12/cristiano-ronaldo-vs_5a35ada.jpg" length="108112" type="image/jpeg"/>
</item>
<item>
<title>
<![CDATA[ Tanda-tanda Evans ke City atau Arsenal Kian Nyata ]]>
</title>
<link>
https://www.bola.net/inggris/tanda-tanda-evans-ke-city-atau-arsenal-kian-nyata-24a41c.html
</link>
<pubDate>Sun, 10 Dec 2017 00:20:00 +0700</pubDate>
<category>inggris</category>
<author>editor@bola.net (Editor)</author>
<guid isPermaLink="true">
https://www.bola.net/inggris/tanda-tanda-evans-ke-city-atau-arsenal-kian-nyata-24a41c.html
</guid>
<description>
<![CDATA[
<img src="https://cdns.klimg.com/bola.net/library/upload/21/2017/12/175/jonny-evans_1ac83ae.jpg" align="left" hspace="5" width="100"/>West Brom dikabarkan sudah mengincar servis pemain Burnley, Ben Mee, di bursa Januari mendatang. Hal ini sebagai bentuk antisipasi klub andai Jonny Evans memutuskan hengkang dari klub di tengah musim.
]]>
</description>
<enclosure url="https://cdns.klimg.com/bola.net/library/upload/21/2017/12/jonny-evans_1ac83ae.jpg" length="41213" type="image/jpeg"/>
</item>
<item>
<title>
<![CDATA[ Mignolet Antusias Sambut Derby Merseyside ]]>
</title>
<link>
https://www.bola.net/inggris/mignolet-antusias-sambut-derby-merseyside-62562f.html
</link>
<pubDate>Sun, 10 Dec 2017 00:10:00 +0700</pubDate>
<category>inggris</category>
<author>editor@bola.net (Editor)</author>
<guid isPermaLink="true">
https://www.bola.net/inggris/mignolet-antusias-sambut-derby-merseyside-62562f.html
</guid>
<description>
<![CDATA[
<img src="https://cdns.klimg.com/bola.net/library/upload/21/2017/08/175/simon-mignolet_b5eb5f1.jpg" align="left" hspace="5" width="100"/>Mignolet menyebut laga ini adalah laga yang sangat besar sehingga membuat adrenalinnya bergejolak.
]]>
</description>
<enclosure url="https://cdns.klimg.com/bola.net/library/upload/21/2017/08/simon-mignolet_b5eb5f1.jpg" length="70926" type="image/jpeg"/>
</item>
<item>
<title>
<![CDATA[
Klopp Yakinkan Coutinho, Liverpool Bisa Wujudkan Ambisinya
]]>
</title>
<link>
https://www.bola.net/inggris/klopp-yakinkan-coutinho-liverpool-bisa-wujudkan-ambisinya-0860cc.html
</link>
<pubDate>Sun, 10 Dec 2017 00:01:00 +0700</pubDate>
<category>inggris</category>
<author>editor@bola.net (Editor)</author>
<guid isPermaLink="true">
https://www.bola.net/inggris/klopp-yakinkan-coutinho-liverpool-bisa-wujudkan-ambisinya-0860cc.html
</guid>
<description>
<![CDATA[
<img src="https://cdns.klimg.com/bola.net/library/upload/21/2017/12/175/philippe-coutinho-4_a7a03e8.jpg" align="left" hspace="5" width="100"/>Manajer Liverpool, Jurgen Klopp, mengatakan pada playmaker Philippe Coutinho bahwa Anfield merupakan tempat sempurna untuk memenuhi ambisi dalam karirnya.
]]>
</description>
<enclosure url="https://cdns.klimg.com/bola.net/library/upload/21/2017/12/philippe-coutinho-4_a7a03e8.jpg" length="72697" type="image/jpeg"/>
</item>
<item>
<title>
<![CDATA[
Hasil Pertandingan Real Madrid vs Sevilla: Skor 5-0
]]>
</title>
<link>
https://www.bola.net/spanyol/hasil-pertandingan-real-madrid-vs-sevilla-skor-5-0-a61624.html
</link>
<pubDate>Sat, 09 Dec 2017 23:58:00 +0700</pubDate>
<category>spanyol</category>
<author>editor@bola.net (Editor)</author>
<guid isPermaLink="true">
https://www.bola.net/spanyol/hasil-pertandingan-real-madrid-vs-sevilla-skor-5-0-a61624.html
</guid>
<description>
<![CDATA[
<img src="https://cdns.klimg.com/bola.net/library/upload/21/2017/12/175/cristiano-ronaldo-vs_5a35ada.jpg" align="left" hspace="5" width="100"/>Real Madrid memetik kemenangan besar ketika menjamu Sevilla di Santiago Bernabeu, Sabtu (9/12). Lima gol mampu diciptakan oleh Real Madrid sedangkan Cristiano Ronaldo sendiri memborong dua gol dalam laga ini.
]]>
</description>
<enclosure url="https://cdns.klimg.com/bola.net/library/upload/21/2017/12/cristiano-ronaldo-vs_5a35ada.jpg" length="108112" type="image/jpeg"/>
</item>
<item>
<title>
<![CDATA[ Mignolet: Big Sam Buat Everton Jadi Berbahaya ]]>
</title>
<link>
https://www.bola.net/inggris/mignolet-big-sam-buat-everton-jadi-berbahaya-4caf2a.html
</link>
<pubDate>Sat, 09 Dec 2017 23:50:00 +0700</pubDate>
<category>inggris</category>
<author>editor@bola.net (Editor)</author>
<guid isPermaLink="true">
https://www.bola.net/inggris/mignolet-big-sam-buat-everton-jadi-berbahaya-4caf2a.html
</guid>
<description>
<![CDATA[
<img src="https://cdns.klimg.com/bola.net/library/upload/21/2017/07/175/sam-allardyce-afp_d7647d8.jpg" align="left" hspace="5" width="100"/>Mignolet menyebut pergantian pelatih di kubu tetangga membuat mereka menjadi semakin berbahaya.
]]>
</description>
<enclosure url="https://cdns.klimg.com/bola.net/library/upload/21/2017/07/sam-allardyce-afp_d7647d8.jpg" length="66534" type="image/jpeg"/>
</item>
<item>
<title>
<![CDATA[
Bukan Bale, MU Ingin Hadirkan Gelandang Bintang Madrid Ini
]]>
</title>
<link>
https://www.bola.net/spanyol/bukan-bale-mu-ingin-hadirkan-gelandang-bintang-madrid-ini-82e268.html
</link>
<pubDate>Sat, 09 Dec 2017 23:40:00 +0700</pubDate>
<category>spanyol</category>
<author>editor@bola.net (Editor)</author>
<guid isPermaLink="true">
https://www.bola.net/spanyol/bukan-bale-mu-ingin-hadirkan-gelandang-bintang-madrid-ini-82e268.html
</guid>
<description>
<![CDATA[
<img src="https://cdns.klimg.com/bola.net/library/upload/21/2017/09/175/gareth-bale_87b2388.jpg" align="left" hspace="5" width="100"/>Manchester United dikabarkan tengah menyusun rencana untuk merekrut gelandang Real Madrid, Marco Asensio, usai mereka disebut-sebut mulai pesimis dengan kans mendatangkan Gareth Bale.
]]>
</description>
<enclosure url="https://cdns.klimg.com/bola.net/library/upload/21/2017/09/gareth-bale_87b2388.jpg" length="63906" type="image/jpeg"/>
</item>
<item>
<title>
<![CDATA[ Walcott Tunda Kontrak Baru Di Arsenal ]]>
</title>
<link>
https://www.bola.net/inggris/walcott-tunda-kontrak-baru-di-arsenal-59a9a3.html
</link>
<pubDate>Sat, 09 Dec 2017 23:30:00 +0700</pubDate>
<category>inggris</category>
<author>editor@bola.net (Editor)</author>
<guid isPermaLink="true">
https://www.bola.net/inggris/walcott-tunda-kontrak-baru-di-arsenal-59a9a3.html
</guid>
<description>
<![CDATA[
<img src="https://cdns.klimg.com/bola.net/library/upload/21/2017/12/175/theo-walcott_275d82b.jpg" align="left" hspace="5" width="100"/>Walcott disebut akan menunda pembicaraan ini hingga akhir musim untuk mengevaluasi kondisinya di Emirates Stadium.
]]>
</description>
<enclosure url="https://cdns.klimg.com/bola.net/library/upload/21/2017/12/theo-walcott_275d82b.jpg" length="44445" type="image/jpeg"/>
</item>
<item>
<title>
<![CDATA[ PSS Sleman Bangga Jadi Tamu Kehormatan Persebaya ]]>
</title>
<link>
https://www.bola.net/indonesia/pss-sleman-bangga-jadi-tamu-kehormatan-persebaya-e4b916.html
</link>
<pubDate>Sat, 09 Dec 2017 23:29:00 +0700</pubDate>
<category>indonesia</category>
<author>editor@bola.net (Editor)</author>
<guid isPermaLink="true">
https://www.bola.net/indonesia/pss-sleman-bangga-jadi-tamu-kehormatan-persebaya-e4b916.html
</guid>
<description>
<![CDATA[
<img src="https://cdns.klimg.com/bola.net/library/upload/21/2017/12/175/asisten-pelatih-pss-_268d57b.jpg" align="left" hspace="5" width="100"/>Pertandingan persahabatan bertajuk Celebration Game memberikan kesan mendalam bagi PSS Sleman sekalipun harus menelan kekalahan dari Persebaya. Sebab mereka merasa bangga bisa menjadi tamu kehormatan.
]]>
</description>
<enclosure url="https://cdns.klimg.com/bola.net/library/upload/21/2017/12/asisten-pelatih-pss-_268d57b.jpg" length="69033" type="image/jpeg"/>
</item>
<item>
<title>
<![CDATA[
Demi Derby Manchester, Lingard Lupakan Teman dan Persahabatan
]]>
</title>
<link>
https://www.bola.net/inggris/demi-derby-manchester-lingard-lupakan-teman-dan-persahabatan-1b85d6.html
</link>
<pubDate>Sat, 09 Dec 2017 23:20:00 +0700</pubDate>
<category>inggris</category>
<author>editor@bola.net (Editor)</author>
<guid isPermaLink="true">
https://www.bola.net/inggris/demi-derby-manchester-lingard-lupakan-teman-dan-persahabatan-1b85d6.html
</guid>
<description>
<![CDATA[
<img src="https://cdns.klimg.com/bola.net/library/upload/21/2017/11/175/jesse-lingard_52ee20a.jpg" align="left" hspace="5" width="100"/>Gelandang Manchester United, Jesse Lingard, mengatakan bahwa ia akan sejenak melupakan pertemanan ketika timnya menghadapi Manchester City besok.
]]>
</description>
<enclosure url="https://cdns.klimg.com/bola.net/library/upload/21/2017/11/jesse-lingard_52ee20a.jpg" length="59889" type="image/jpeg"/>
</item>
<item>
<title>
<![CDATA[ Ederson Optimis City Patahkan Kutukan Old Trafford ]]>
</title>
<link>
https://www.bola.net/inggris/ederson-optimis-city-patahkan-kutukan-old-trafford-28b4c4.html
</link>
<pubDate>Sat, 09 Dec 2017 23:10:00 +0700</pubDate>
<category>inggris</category>
<author>editor@bola.net (Editor)</author>
<guid isPermaLink="true">
https://www.bola.net/inggris/ederson-optimis-city-patahkan-kutukan-old-trafford-28b4c4.html
</guid>
<description>
<![CDATA[
<img src="https://cdns.klimg.com/bola.net/library/upload/21/2017/08/175/ederson-moraes_055d6f4.jpg" align="left" hspace="5" width="100"/> Ederson menyebut timnya mampu mengalahkan Manchester United dan menjaga keunggulan di Liga.
]]>
</description>
<enclosure url="https://cdns.klimg.com/bola.net/library/upload/21/2017/08/ederson-moraes_055d6f4.jpg" length="70775" type="image/jpeg"/>
</item>
<item>
<title>
<![CDATA[
Sriwijaya FC Upayakan Naturalisasi Dua Pemain Asing Ini
]]>
</title>
<link>
https://www.bola.net/indonesia/sriwijaya-fc-upayakan-naturalisasi-dua-pemain-asing-ini-7aa5fa.html
</link>
<pubDate>Sat, 09 Dec 2017 23:02:00 +0700</pubDate>
<category>indonesia</category>
<author>editor@bola.net (Editor)</author>
<guid isPermaLink="true">
https://www.bola.net/indonesia/sriwijaya-fc-upayakan-naturalisasi-dua-pemain-asing-ini-7aa5fa.html
</guid>
<description>
<![CDATA[
<img src="https://cdns.klimg.com/bola.net/library/upload/21/2017/07/175/esteban-vizcarra_d5c6664.jpg" align="left" hspace="5" width="100"/>Sriwijaya FC (SFC) akan memperjuangkan dua pemain asingnya, Alberto Goncalves (Brasil) dan Esteban Vizcarra (Argentina) untuk segera dinaturalisasi. Dengan begitu, banyaknya legiun impor di skuat SFC tidak akan terjanggal regulasi.
]]>
</description>
<enclosure url="https://cdns.klimg.com/bola.net/library/upload/21/2017/07/esteban-vizcarra_d5c6664.jpg" length="62660" type="image/jpeg"/>
</item>
<item>
<title>
<![CDATA[
Rojo Sudah Tidak Sabar Bungkam City di Old Trafford
]]>
</title>
<link>
https://www.bola.net/inggris/rojo-sudah-tidak-sabar-bungkam-city-di-old-trafford-3e7fc0.html
</link>
<pubDate>Sat, 09 Dec 2017 23:00:00 +0700</pubDate>
<category>inggris</category>
<author>editor@bola.net (Editor)</author>
<guid isPermaLink="true">
https://www.bola.net/inggris/rojo-sudah-tidak-sabar-bungkam-city-di-old-trafford-3e7fc0.html
</guid>
<description>
<![CDATA[
<img src="https://cdns.klimg.com/bola.net/library/upload/21/2017/11/175/marcos-rojo_ba6e126.jpg" align="left" hspace="5" width="100"/>Bek tengah Manchester United, Marcos Rojo, mengatakan ia sudah tidak sabar lagi menghadapi derby Manchester usai memulihkan diri dari cedera musim ini.
]]>
</description>
<enclosure url="https://cdns.klimg.com/bola.net/library/upload/21/2017/11/marcos-rojo_ba6e126.jpg" length="48981" type="image/jpeg"/>
</item>
<item>
<title>
<![CDATA[
Belum Disunat, Riyad Mahrez Ikut Khitanan Massal di Bandung
]]>
</title>
<link>
https://www.bola.net/bolatainment/belum-disunat-riyad-mahrez-ikut-khitanan-massal-di-bandung-d16d92.html
</link>
<pubDate>Sat, 09 Dec 2017 22:46:00 +0700</pubDate>
<category>bolatainment</category>
<author>editor@bola.net (Editor)</author>
<guid isPermaLink="true">
https://www.bola.net/bolatainment/belum-disunat-riyad-mahrez-ikut-khitanan-massal-di-bandung-d16d92.html
</guid>
<description>
<![CDATA[
<img src="https://cdns.klimg.com/bola.net/library/upload/21/2017/12/175/persib-peduli_0d8bd52.jpg" align="left" hspace="5" width="100"/>Riyad Mahrez akan mengikuti acara khitanan massal yang diadakan oleh Persib Bandung, Minggu (10/12) besok. Selain Mahrez, acara ini juga akan diikuti oleh anak-anak yang belum dipotong 'burungnya'.
]]>
</description>
<enclosure url="https://cdns.klimg.com/bola.net/library/upload/21/2017/12/persib-peduli_0d8bd52.jpg" length="66891" type="image/jpeg"/>
</item>
<item>
<title>
<![CDATA[ Bungkam Chelsea, Moyes Puji Spirit Pasukannya ]]>
</title>
<link>
https://www.bola.net/inggris/bungkam-chelsea-moyes-puji-spirit-pasukannya-60a501.html
</link>
<pubDate>Sat, 09 Dec 2017 22:46:00 +0700</pubDate>
<category>inggris</category>
<author>editor@bola.net (Editor)</author>
<guid isPermaLink="true">
https://www.bola.net/inggris/bungkam-chelsea-moyes-puji-spirit-pasukannya-60a501.html
</guid>
<description>
<![CDATA[
<img src="https://cdns.klimg.com/bola.net/library/upload/21/2017/12/175/1_4bc603d.jpg" align="left" hspace="5" width="100"/>West Ham menang 1-0 saat menjamu Chelsea di pekan ke-16 Premier League 2017/18, Sabtu (09/12). Manajer The Hammers David Moyes memuji spirit yang ditunjukkan pasukannya.
]]>
</description>
<enclosure url="https://cdns.klimg.com/bola.net/library/upload/21/2017/12/1_4bc603d.jpg" length="42858" type="image/jpeg"/>
</item>
<item>
<title>
<![CDATA[
Ancelotti Pindah ke London, Tangani Chelsea atau Arsenal?
]]>
</title>
<link>
https://www.bola.net/inggris/ancelotti-pindah-ke-london-tangani-chelsea-atau-arsenal-f38a8c.html
</link>
<pubDate>Sat, 09 Dec 2017 22:40:00 +0700</pubDate>
<category>inggris</category>
<author>editor@bola.net (Editor)</author>
<guid isPermaLink="true">
https://www.bola.net/inggris/ancelotti-pindah-ke-london-tangani-chelsea-atau-arsenal-f38a8c.html
</guid>
<description>
<![CDATA[
<img src="https://cdns.klimg.com/bola.net/library/upload/21/2017/08/175/ancelotti_080ae7d.jpg" align="left" hspace="5" width="100"/>Carlo Ancelotti dikabarkan memutuskan pindah ke London usai beredar kabar yang mengatakan pria Italia berhasrat bekerja kembali di Premier League.
]]>
</description>
<enclosure url="https://cdns.klimg.com/bola.net/library/upload/21/2017/08/ancelotti_080ae7d.jpg" length="60303" type="image/jpeg"/>
</item>
<item>
<title>
<![CDATA[
Pemain Bhayangkara FC Ini Haram Kembali ke Persebaya
]]>
</title>
<link>
https://www.bola.net/indonesia/mantan-pemain-bhayangkara-fc-ini-haram-kembali-ke-persebaya-e05418.html
</link>
<pubDate>Sat, 09 Dec 2017 22:30:00 +0700</pubDate>
<category>indonesia</category>
<author>editor@bola.net (Editor)</author>
<guid isPermaLink="true">
https://www.bola.net/indonesia/mantan-pemain-bhayangkara-fc-ini-haram-kembali-ke-persebaya-e05418.html
</guid>
<description>
<![CDATA[
<img src="https://cdns.klimg.com/bola.net/library/upload/21/2017/09/175/otavio-dutra-1_6e3deef.jpg" align="left" hspace="5" width="100"/>Bek Bhayangkara FC, Otavio Dutra, disebut akan gabung dengan Persebaya Surabaya musim depan. Namun rencana tersebut mendapat penolakan dari pihak yang mengatasnamakan diri Bonek--sebutan pendukung Persebaya.
]]>
</description>
<enclosure url="https://cdns.klimg.com/bola.net/library/upload/21/2017/09/otavio-dutra-1_6e3deef.jpg" length="99792" type="image/jpeg"/>
</item>
<item>
<title>
<![CDATA[ Arnautovic: Luar Biasa, Kami Pantas Menang ]]>
</title>
<link>
https://www.bola.net/inggris/arnautovic-luar-biasa-kami-pantas-menang-eb8b48.html
</link>
<pubDate>Sat, 09 Dec 2017 22:27:00 +0700</pubDate>
<category>inggris</category>
<author>editor@bola.net (Editor)</author>
<guid isPermaLink="true">
https://www.bola.net/inggris/arnautovic-luar-biasa-kami-pantas-menang-eb8b48.html
</guid>
<description>
<![CDATA[
<img src="https://cdns.klimg.com/bola.net/library/upload/21/2017/12/175/1_be6153c.jpg" align="left" hspace="5" width="100"/>West Ham menang 1-0 saat menjamu Chelsea di pekan ke-16 Premier League 2017/18, Sabtu (09/12). Arnautovic mengaku sangat senang bisa berkontribusi positif membantu West Ham meraih kemenangan pertama mereka dalam sembilan laga.
]]>
</description>
<enclosure url="https://cdns.klimg.com/bola.net/library/upload/21/2017/12/1_be6153c.jpg" length="58257" type="image/jpeg"/>
</item>
<item>
<title>
<![CDATA[
Guardiola Sesumbar De Bruyne Sanggup Lakukan Apapun
]]>
</title>
<link>
https://www.bola.net/inggris/guardiola-sesumbar-de-bruyne-sanggup-lakukan-apapun-ae597d.html
</link>
<pubDate>Sat, 09 Dec 2017 22:20:00 +0700</pubDate>
<category>inggris</category>
<author>editor@bola.net (Editor)</author>
<guid isPermaLink="true">
https://www.bola.net/inggris/guardiola-sesumbar-de-bruyne-sanggup-lakukan-apapun-ae597d.html
</guid>
<description>
<![CDATA[
<img src="https://cdns.klimg.com/bola.net/library/upload/21/2017/12/175/josep-guardiola_6872a45.jpg" align="left" hspace="5" width="100"/>Bos Manchester City, Josep Guardiola, memberi pujian pada Kevin de Bruyne, mengklaim pemain Belgia sanggup melakukan apapun di atas lapangan.
]]>
</description>
<enclosure url="https://cdns.klimg.com/bola.net/library/upload/21/2017/12/josep-guardiola_6872a45.jpg" length="46442" type="image/jpeg"/>
</item>
<item>
<title>
<![CDATA[
2nd Journalist Games Jadi Ajang Sosialisasi Maskot INAPGOC
]]>
</title>
<link>
https://www.bola.net/asia/2nd-journalist-games-jadi-ajang-sosialisasi-maskot-inapgoc-4fe28f.html
</link>
<pubDate>Sat, 09 Dec 2017 22:16:00 +0700</pubDate>
<category>asia</category>
<author>editor@bola.net (Editor)</author>
<guid isPermaLink="true">
https://www.bola.net/asia/2nd-journalist-games-jadi-ajang-sosialisasi-maskot-inapgoc-4fe28f.html
</guid>
<description>
<![CDATA[
<img src="https://cdns.klimg.com/bola.net/library/upload/21/2017/12/175/imam-nahrawi_74f1e8b.jpg" align="left" hspace="5" width="100"/>2nd Journalist Games resmi digelar pada 8 hingga 9 Desember 2017. Event ini jadi ajang bagi Panitia Pelaksana Asian Para Games 2018 (INAPGOC) untuk mensosialisasikan program serta mengenalkan maskot event tersebut.
]]>
</description>
<enclosure url="https://cdns.klimg.com/bola.net/library/upload/21/2017/12/imam-nahrawi_74f1e8b.jpg" length="101051" type="image/jpeg"/>
</item>
<item>
<title>
<![CDATA[
Kalahkan PSS Sleman, Persebaya Berpesta dalam Celebration Game
]]>
</title>
<link>
https://www.bola.net/indonesia/kalahkan-pss-sleman-persebaya-berpesta-dalam-celebration-game-f492b5.html
</link>
<pubDate>Sat, 09 Dec 2017 22:09:00 +0700</pubDate>
<category>indonesia</category>
<author>editor@bola.net (Editor)</author>
<guid isPermaLink="true">
https://www.bola.net/indonesia/kalahkan-pss-sleman-persebaya-berpesta-dalam-celebration-game-f492b5.html
</guid>
<description>
<![CDATA[
<img src="https://cdns.klimg.com/bola.net/library/upload/21/2017/11/175/irfan-jaya_d75ad59.jpg" align="left" hspace="5" width="100"/>Persebaya Surabaya menyempurnakan pesta kemenangan setelah berhasil mengalahkan PSS Sleman dalam Celebration Game. Para punggawa Bajul Ijo memenangkan pertandingan dengan skor tipis 2 - 1, Sabtu (9/12) malam.
]]>
</description>
<enclosure url="https://cdns.klimg.com/bola.net/library/upload/21/2017/11/irfan-jaya_d75ad59.jpg" length="108505" type="image/jpeg"/>
</item>
<item>
<title>
<![CDATA[
Januari, Liverpool Tak Perlu Repot Cari Pemain Baru
]]>
</title>
<link>
https://www.bola.net/inggris/januari-liverpool-tak-perlu-repot-cari-pemain-baru-dfebc8.html
</link>
<pubDate>Sat, 09 Dec 2017 22:00:00 +0700</pubDate>
<category>inggris</category>
<author>editor@bola.net (Editor)</author>
<guid isPermaLink="true">
https://www.bola.net/inggris/januari-liverpool-tak-perlu-repot-cari-pemain-baru-dfebc8.html
</guid>
<description>
<![CDATA[
<img src="https://cdns.klimg.com/bola.net/library/upload/21/2017/12/175/liverpool-12_00bc111.jpg" align="left" hspace="5" width="100"/>Bos Liverpool, Jurgen Klopp, tidak perlu mencari pemain baru di bursa Januari karena skuat yang ada sekarang sudah cukup bagus, menurut Sami Hyypia.
]]>
</description>
<enclosure url="https://cdns.klimg.com/bola.net/library/upload/21/2017/12/liverpool-12_00bc111.jpg" length="85795" type="image/jpeg"/>
</item>
<item>
<title>
<![CDATA[ Hasil Pertandingan West Ham vs Chelsea: Skor 1-0 ]]>
</title>
<link>
https://www.bola.net/inggris/hasil-pertandingan-west-ham-vs-chelsea-skor-1-0-736f06.html
</link>
<pubDate>Sat, 09 Dec 2017 21:36:00 +0700</pubDate>
<category>inggris</category>
<author>editor@bola.net (Editor)</author>
<guid isPermaLink="true">
https://www.bola.net/inggris/hasil-pertandingan-west-ham-vs-chelsea-skor-1-0-736f06.html
</guid>
<description>
<![CDATA[
<img src="https://cdns.klimg.com/bola.net/library/upload/21/2017/12/175/1_a32d6bc.jpg" align="left" hspace="5" width="100"/>Gol tunggal West Ham dicetak oleh Marko Arnautovic pada menit 6.
]]>
</description>
<enclosure url="https://cdns.klimg.com/bola.net/library/upload/21/2017/12/1_a32d6bc.jpg" length="62384" type="image/jpeg"/>
</item>
<item>
<title>
<![CDATA[
Karena Bertemu Pemain Persib, Bobotoh Ini Mau Disunat Anu-nya
]]>
</title>
<link>
https://www.bola.net/bolatainment/karena-bertemu-pemain-persib-bobotoh-ini-mau-disunat-anu-nya-577caa.html
</link>
<pubDate>Sat, 09 Dec 2017 20:35:00 +0700</pubDate>
<category>bolatainment</category>
<author>editor@bola.net (Editor)</author>
<guid isPermaLink="true">
https://www.bola.net/bolatainment/karena-bertemu-pemain-persib-bobotoh-ini-mau-disunat-anu-nya-577caa.html
</guid>
<description>
<![CDATA[
<img src="https://cdns.klimg.com/bola.net/library/upload/21/2017/12/175/khitan-massal-persib_eaecd71.jpg" align="left" hspace="5" width="100"/>Bocah cilik, Raditya Cahya Ramadhan, menunjukkan bahwa dirinya adalah Bobotoh (pendukung Persib) sejati. Ia mau disunat karena bisa ketemu dengan pemain Persib Bandung.
]]>
</description>
<enclosure url="https://cdns.klimg.com/bola.net/library/upload/21/2017/12/khitan-massal-persib_eaecd71.jpg" length="51262" type="image/jpeg"/>
</item>
<item>
<title>
<![CDATA[
Mirip Ronaldo, Begini Cara Andik Tanggapi Rumor soal Bali United
]]>
</title>
<link>
https://www.bola.net/indonesia/mirip-ronaldo-begini-cara-andik-tanggapi-rumor-soal-bali-united-1b29d3.html
</link>
<pubDate>Sat, 09 Dec 2017 20:10:00 +0700</pubDate>
<category>indonesia</category>
<author>editor@bola.net (Editor)</author>
<guid isPermaLink="true">
https://www.bola.net/indonesia/mirip-ronaldo-begini-cara-andik-tanggapi-rumor-soal-bali-united-1b29d3.html
</guid>
<description>
<![CDATA[
<img src="https://cdns.klimg.com/bola.net/library/upload/21/2017/12/175/andik-vermansah_8bbef45.jpg" align="left" hspace="5" width="100"/>Andik Vermansah tengah santer dikaitkan dengan Bali United di bursa transfer tahun ini. Ia belum memberikan klarifikasi atas rumor tersebut. Ia memilih diam.
]]>
</description>
<enclosure url="https://cdns.klimg.com/bola.net/library/upload/21/2017/12/andik-vermansah_8bbef45.jpg" length="67245" type="image/jpeg"/>
</item>
<item>
<title>
<![CDATA[ Thuram Berharap Prancis Juara di Piala Dunia 2018 ]]>
</title>
<link>
https://www.bola.net/piala_dunia/thuram-berharap-prancis-juara-di-piala-dunia-2018-1225ec.html
</link>
<pubDate>Sat, 09 Dec 2017 20:00:00 +0700</pubDate>
<category>piala_dunia</category>
<author>editor@bola.net (Editor)</author>
<guid isPermaLink="true">
https://www.bola.net/piala_dunia/thuram-berharap-prancis-juara-di-piala-dunia-2018-1225ec.html
</guid>
<description>
<![CDATA[
<img src="https://cdns.klimg.com/bola.net/library/upload/21/2017/11/175/hlprancis_77a994e.jpg" align="left" hspace="5" width="100"/>Hasil undian Piala Dunia 2018 menempatkan Prancis bersama Australia, Peru dan Denmark di Grup C. Di atas kertas, ini adalah grup yang mudah bagi Prancis.
]]>
</description>
<enclosure url="https://cdns.klimg.com/bola.net/library/upload/21/2017/11/hlprancis_77a994e.jpg" length="91943" type="image/jpeg"/>
</item>
<item>
<title>
<![CDATA[
Via Vallen Pendukung Manchester United atau Manchester City?
]]>
</title>
<link>
https://www.bola.net/bolatainment/via-vallen-pendukung-manchester-united-atau-manchester-city-406d33.html
</link>
<pubDate>Sat, 09 Dec 2017 19:46:00 +0700</pubDate>
<category>bolatainment</category>
<author>editor@bola.net (Editor)</author>
<guid isPermaLink="true">
https://www.bola.net/bolatainment/via-vallen-pendukung-manchester-united-atau-manchester-city-406d33.html
</guid>
<description>
<![CDATA[
<img src="https://cdns.klimg.com/bola.net/library/upload/21/2017/12/175/via-vallen_43ba263.jpg" align="left" hspace="5" width="100"/>Manchester United akan menjalani laga krusial akhir pekan ini menghadapi Manchester City, Minggu (10/12). Laga tersebut akan menjadi laga penting bagi kedua tim untuk merebutkan gelar juara Premier League musim ini.
]]>
</description>
<enclosure url="https://cdns.klimg.com/bola.net/library/upload/21/2017/12/via-vallen_43ba263.jpg" length="70268" type="image/jpeg"/>
</item>
<item>
<title>
<![CDATA[
Derby Manchester Terancam Dibatalkan karena Masalah Ini
]]>
</title>
<link>
https://www.bola.net/inggris/derby-manchester-terancam-dibatalkan-karena-masalah-ini-b592eb.html
</link>
<pubDate>Sat, 09 Dec 2017 19:28:00 +0700</pubDate>
<category>inggris</category>
<author>editor@bola.net (Editor)</author>
<guid isPermaLink="true">
https://www.bola.net/inggris/derby-manchester-terancam-dibatalkan-karena-masalah-ini-b592eb.html
</guid>
<description>
<![CDATA[
<img src="https://cdns.klimg.com/bola.net/library/upload/21/2017/08/175/old-trafford_f666102.jpg" align="left" hspace="5" width="100"/>Derby Manchester yang akan mempertemukan Manchester United dan Manchester City terancam dibatalkan karena ancaman cuaca buruk. Pertandingan tersebut rencananya akan berlangsung pada hari Minggu (10/12).
]]>
</description>
<enclosure url="https://cdns.klimg.com/bola.net/library/upload/21/2017/08/old-trafford_f666102.jpg" length="111718" type="image/jpeg"/>
</item>
<item>
<title>
<![CDATA[
Arsenal Langsung Gelar Pertemuan usai Kalah dari MU
]]>
</title>
<link>
https://www.bola.net/inggris/arsenal-langsung-gelar-pertemuan-usai-kalah-dari-mu-4f9f2a.html
</link>
<pubDate>Sat, 09 Dec 2017 19:04:00 +0700</pubDate>
<category>inggris</category>
<author>editor@bola.net (Editor)</author>
<guid isPermaLink="true">
https://www.bola.net/inggris/arsenal-langsung-gelar-pertemuan-usai-kalah-dari-mu-4f9f2a.html
</guid>
<description>
<![CDATA[
<img src="https://cdns.klimg.com/bola.net/library/upload/21/2017/12/175/1_61b71a1.jpg" align="left" hspace="5" width="100"/>Pelatih Arsenal, Arsene Wenger, mengatakan langsung mengadakan pertemuan dengan pemainnya setelah mengalami kekalahan dari Manchester United akhir pekan lalu. Pertemuan itu untuk membahas masalah yang terjadi dalam pertandingan itu.
]]>
</description>
<enclosure url="https://cdns.klimg.com/bola.net/library/upload/21/2017/12/1_61b71a1.jpg" length="63040" type="image/jpeg"/>
</item>
<item>
<title>
<![CDATA[ Silva dan Calhanoglu Terancam Dipinjamkan ]]>
</title>
<link>
https://www.bola.net/italia/silva-dan-calhanoglu-terancam-dipinjamkan-3b0697.html
</link>
<pubDate>Sat, 09 Dec 2017 19:00:00 +0700</pubDate>
<category>italia</category>
<author>editor@bola.net (Editor)</author>
<guid isPermaLink="true">
https://www.bola.net/italia/silva-dan-calhanoglu-terancam-dipinjamkan-3b0697.html
</guid>
<description>
<![CDATA[
<img src="https://cdns.klimg.com/bola.net/library/upload/21/2017/12/175/1_958a505.jpg" align="left" hspace="5" width="100"/>Beberapa pemain bisa dipinjamkan ke klub lain di bursa transfer Januari nanti. Menurut surat kabar La Stampa, dua yang terancam dipinjamkan adalah striker Andre Silva dan gelandang Hakan Calhanoglu.
]]>
</description>
<enclosure url="https://cdns.klimg.com/bola.net/library/upload/21/2017/12/1_958a505.jpg" length="75839" type="image/jpeg"/>
</item>
<item>
<title>
<![CDATA[
Lulusan Diklat Persib Ini Menunggu Kepastian Borneo
]]>
</title>
<link>
https://www.bola.net/indonesia/lulusan-diklat-persib-ini-menunggu-kepastian-borneo-775d89.html
</link>
<pubDate>Sat, 09 Dec 2017 18:28:00 +0700</pubDate>
<category>indonesia</category>
<author>editor@bola.net (Editor)</author>
<guid isPermaLink="true">
https://www.bola.net/indonesia/lulusan-diklat-persib-ini-menunggu-kepastian-borneo-775d89.html
</guid>
<description>
<![CDATA[
<img src="https://cdns.klimg.com/bola.net/library/upload/21/2017/07/175/borneo-fc_23f149e.jpg" align="left" hspace="5" width="100"/>Eks Diklat Persib Bandung, Jujun Saepulloh ingin tetap memperkuat Borneo FC pada musim depan. Namun, pemain yang berposisi sebagai bek ini masih harus menunggu panggilan dari manajemen mengenai kelanjutan nasibnya.
]]>
</description>
<enclosure url="https://cdns.klimg.com/bola.net/library/upload/21/2017/07/borneo-fc_23f149e.jpg" length="110181" type="image/jpeg"/>
</item>
<item>
<title>
<![CDATA[
PSIS Resmi Diperkuat Ruud Gullid di Liga 1 Musim Depan
]]>
</title>
<link>
https://www.bola.net/indonesia/psis-resmi-diperkuat-ruud-gullid-di-liga-1-musim-depan-2efadc.html
</link>
<pubDate>Sat, 09 Dec 2017 18:10:00 +0700</pubDate>
<category>indonesia</category>
<author>editor@bola.net (Editor)</author>
<guid isPermaLink="true">
https://www.bola.net/indonesia/psis-resmi-diperkuat-ruud-gullid-di-liga-1-musim-depan-2efadc.html
</guid>
<description>
<![CDATA[
<img src="https://cdns.klimg.com/bola.net/library/upload/21/2017/09/175/psis-semarang_2ea84a9.jpg" align="left" hspace="5" width="100"/>PSIS Semarang akan bermain di kasta tertinggi sepakbola Indonesia setelah menduduki juara tiga di Liga 2 musim lalu. Untuk itu, klub asal Semarang tersebut saat ini tengah mempersiapkan skuat terbaiknya menyambut musim depan.
]]>
</description>
<enclosure url="https://cdns.klimg.com/bola.net/library/upload/21/2017/09/psis-semarang_2ea84a9.jpg" length="99789" type="image/jpeg"/>
</item>
<item>
<title>
<![CDATA[ Napoli Lirik Gerard Deulofeu ]]>
</title>
<link>
https://www.bola.net/italia/napoli-lirik-gerard-deulofeu-2cf8db.html
</link>
<pubDate>Sat, 09 Dec 2017 18:00:00 +0700</pubDate>
<category>italia</category>
<author>editor@bola.net (Editor)</author>
<guid isPermaLink="true">
https://www.bola.net/italia/napoli-lirik-gerard-deulofeu-2cf8db.html
</guid>
<description>
<![CDATA[
<img src="https://cdns.klimg.com/bola.net/library/upload/21/2017/10/175/gerard-deulofeu-001-_45a0a56.jpg" align="left" hspace="5" width="100"/>Gerard Deulofeu sempat dipinjam AC Milan di paruh kedua musim 2016/17. Januari nanti, ada kemungkinan pemain ofensif 23 tahun Spanyol itu kembali ke Serie A.
]]>
</description>
<enclosure url="https://cdns.klimg.com/bola.net/library/upload/21/2017/10/gerard-deulofeu-001-_45a0a56.jpg" length="74631" type="image/jpeg"/>
</item>
<item>
<title>
<![CDATA[
Bersama Alexis Sanchez, Aktris Cantik Ini Kembali Temukan Gairah
]]>
</title>
<link>
https://www.bola.net/bolatainment/bersama-alexis-sanchez-aktris-cantik-ini-kembali-temukan-gairah-f7b886.html
</link>
<pubDate>Sat, 09 Dec 2017 17:58:00 +0700</pubDate>
<category>bolatainment</category>
<author>editor@bola.net (Editor)</author>
<guid isPermaLink="true">
https://www.bola.net/bolatainment/bersama-alexis-sanchez-aktris-cantik-ini-kembali-temukan-gairah-f7b886.html
</guid>
<description>
<![CDATA[
<img src="https://cdns.klimg.com/bola.net/library/upload/21/2017/12/175/mayte-rodriguez_ffccb98.jpg" align="left" hspace="5" width="100"/>Alexis Sanchez sukses membuat hidup perempuan cantik, Mayte Rodriguez, kembali bergairah. Dalam ikatan cinta, mereka semangat menjalani hidup bersama dan ingin segera mendapatkan momongan.
]]>
</description>
<enclosure url="https://cdns.klimg.com/bola.net/library/upload/21/2017/12/mayte-rodriguez_ffccb98.jpg" length="63477" type="image/jpeg"/>
</item>
<item>
<title>
<![CDATA[
Mengejutkan! Pacar Mantan Pemain Man City Ini Tewas Gantung Diri
]]>
</title>
<link>
https://www.bola.net/bolatainment/mengejutkan-pacar-mantan-pemain-man-city-ini-tewas-gantung-diri-3d0e80.html
</link>
<pubDate>Sat, 09 Dec 2017 17:37:00 +0700</pubDate>
<category>bolatainment</category>
<author>editor@bola.net (Editor)</author>
<guid isPermaLink="true">
https://www.bola.net/bolatainment/mengejutkan-pacar-mantan-pemain-man-city-ini-tewas-gantung-diri-3d0e80.html
</guid>
<description>
<![CDATA[
<img src="https://cdns.klimg.com/bola.net/library/upload/21/2017/12/175/billy-obrien_3d7cb69.jpg" align="left" hspace="5" width="100"/>Jasad perempuan bernama, Faye Howard, ditemukan sudah tak bernyawa di taman Dunham Massey, Manchester. Ia adalah kekasih mantan pemain Manchester City, Billy O'Brien.
]]>
</description>
<enclosure url="https://cdns.klimg.com/bola.net/library/upload/21/2017/12/billy-obrien_3d7cb69.jpg" length="34466" type="image/jpeg"/>
</item>
<item>
<title>
<![CDATA[ Juan Revi dan Jefri Kurniawan Gabung Arema? ]]>
</title>
<link>
https://www.bola.net/indonesia/juan-revi-dan-jefri-kurniawan-gabung-arema-62d391.html
</link>
<pubDate>Sat, 09 Dec 2017 17:16:00 +0700</pubDate>
<category>indonesia</category>
<author>editor@bola.net (Editor)</author>
<guid isPermaLink="true">
https://www.bola.net/indonesia/juan-revi-dan-jefri-kurniawan-gabung-arema-62d391.html
</guid>
<description>
<![CDATA[
<img src="https://cdns.klimg.com/bola.net/library/upload/21/2017/09/175/arema-fc_64813c7.jpg" align="left" hspace="5" width="100"/>Juan Revi dan Jefri Kurniawan tampak menjalani latihan bersama Arema FC. Hal ini melahirkan dugaan bahwa dua pemain tersebut akan gabung dengan Singo Edan musim depan.
]]>
</description>
<enclosure url="https://cdns.klimg.com/bola.net/library/upload/21/2017/09/arema-fc_64813c7.jpg" length="106070" type="image/jpeg"/>
</item>
<item>
<title>
<![CDATA[
Real Madrid Foundation Lanjutkan Kerjasama Dengan ISSD Foundation Indonesia
]]>
</title>
<link>
https://www.bola.net/bolatainment/real-madrid-foundation-lanjutkan-kerjasama-dengan-issd-foundation-indonesia-f74a4e.html
</link>
<pubDate>Sat, 09 Dec 2017 17:16:00 +0700</pubDate>
<category>bolatainment</category>
<author>editor@bola.net (Editor)</author>
<guid isPermaLink="true">
https://www.bola.net/bolatainment/real-madrid-foundation-lanjutkan-kerjasama-dengan-issd-foundation-indonesia-f74a4e.html
</guid>
<description>
<![CDATA[
<img src="https://cdns.klimg.com/bola.net/library/upload/21/2017/12/175/1_bbf0493.jpg" align="left" hspace="5" width="100"/>Klub raksasa Spanyol, Real Madrid FC melalui Real Madrid Foundation (RMF) memperpanjang kerjasama program pengembangan Social Sport School Real Madrid Foundation (SSS RMF) di Indonesia yang dikelola oleh Yayasan Pengembangan Sosial Olahraga (ISSD Foundation).
]]>
</description>
<enclosure url="https://cdns.klimg.com/bola.net/library/upload/21/2017/12/1_bbf0493.jpg" length="77259" type="image/jpeg"/>
</item>
<item>
<title>
<![CDATA[ Gattuso: Lawan Bologna Tak Boleh Gagal ]]>
</title>
<link>
https://www.bola.net/italia/gattuso-lawan-bologna-tak-boleh-gagal-734e3a.html
</link>
<pubDate>Sat, 09 Dec 2017 17:11:00 +0700</pubDate>
<category>italia</category>
<author>editor@bola.net (Editor)</author>
<guid isPermaLink="true">
https://www.bola.net/italia/gattuso-lawan-bologna-tak-boleh-gagal-734e3a.html
</guid>
<description>
<![CDATA[
<img src="https://cdns.klimg.com/bola.net/library/upload/21/2017/12/175/gennaro-gattuso_f85e7d9.jpg" align="left" hspace="5" width="100"/>AC Milan akan menjamu Bologna pada giornata 16 Serie A 2017/18, Senin (11/12). Pelatih Milan Gennaro Gattuso tak mau timnya kembali gagal menang.
]]>
</description>
<enclosure url="https://cdns.klimg.com/bola.net/library/upload/21/2017/12/gennaro-gattuso_f85e7d9.jpg" length="59950" type="image/jpeg"/>
</item>
<item>
<title>
<![CDATA[
Termasuk Evan Dimas, 4 Pemain Indonesia Ini Masuk dalam Daftar 25 Pemain Terbaik Asia
]]>
</title>
<link>
https://www.bola.net/indonesia/termasuk-evan-dimas-4-pemain-indonesia-ini-masuk-dalam-daftar-25-pemain-terbaik-asia-96a7de.html
</link>
<pubDate>Sat, 09 Dec 2017 16:54:00 +0700</pubDate>
<category>indonesia</category>
<author>editor@bola.net (Editor)</author>
<guid isPermaLink="true">
https://www.bola.net/indonesia/termasuk-evan-dimas-4-pemain-indonesia-ini-masuk-dalam-daftar-25-pemain-terbaik-asia-96a7de.html
</guid>
<description>
<![CDATA[
<img src="https://cdns.klimg.com/bola.net/library/upload/21/2017/08/175/evan-dimas-2_df340a1.jpg" align="left" hspace="5" width="100"/>Sebuah media internasional baru saja melansir 25 pemain terbaik di Asia. Di antara dua pemain yang masuk dalam daftar tersebut, empat di antaranya merupakan pekan Indonesia.
]]>
</description>
<enclosure url="https://cdns.klimg.com/bola.net/library/upload/21/2017/08/evan-dimas-2_df340a1.jpg" length="88553" type="image/jpeg"/>
</item>
</channel>
</rss>